Unique Identifier,FemalePop,PopU18Pop,Pop18t24Pop,Pop25t44Pop,Pop45t64Pop,Pop65plPop,HispanicPop,WhiteNonHispPop,BlackNonHispPop,AsianPIPop,OtherRacePop,ForeignBornPop,LimitedEngPop,EduLessThanHSPop,PovertyPop,FoodStampSNAPPop,UnemploymentPop,DisabilityPop,DisabilityVisionPop,DisabilityCognitivePop,DisabilityAmbulatoryPop,DisabilitySelfCarePop,DisabilityIndepLivPop,HealthInsPop,MedicaidEnrollPop,AlcoholRetailersPop,TobaccoRetailersPop,FelonyCrimePop,PropertyCrimePop,ViolentCrimePop,JailIncarcerationPop,AssaultHospPop,ED_AllPop,AlcoholHospPop,DrugHospPop,PsychHospPop,StrokeHospPop,HIVPop,HepBPop,HepCPop,TBPop,GonorrheaPop,SyphilisPop,PrematureMortalityPop,TotalPop,shape_area,rating_b
1.0,35567.178,15780.874,6749.107,19405.406000000003,17519.295,9946.47,28884.403,13035.332999999999,21412.872000000003,4514.081999999999,1659.484,25336.012,14340.254,16953.506,13547.838,19248.589,9968.27,10448.291,2464.0730000000003,4258.142,6385.474,2714.9210000000003,4139.2080000000005,59806.824,25923.851000000002,84.98894000000001,61.95366,997.4418999999998,546.7168,258.9963,312.2029,52.355979,37024.999654,851.27694,738.401544,469.57415100000003,242.691044,19.943870999999998,45.889272,74.02839399999999,4.007294,127.98772,23.985638,126.309039,69435.0,46878491.8467,7.045550527903469
2.0,12929.01,5376.42,2355.384,6835.734,7757.406,3277.0560000000005,3046.638,20379.192,358.42799999999994,1612.9260000000002,230.418,3917.106,1612.9260000000002,2278.578,1356.906,1075.284,2048.16,2073.7619999999997,230.418,486.43799999999993,1331.3039999999999,460.836,768.06,24680.328,3609.882,6.912540000000001,3.07224,140.811,48.6438,20.481600000000004,40.96320000000001,4.633962,7771.0006619999995,152.81833799999998,132.87438,133.77045,73.631352,0.0,3.174648,10.88085,0.998478,0.0,0.0,35.8428,25602.0,50410816.2482,6.9363636363636365
3.0,53209.447,14969.235,10840.702000000001,45177.128000000004,22280.184,13072.643,31286.679,49974.725000000006,6694.4619999999995,15602.884999999998,2656.1,46478.481,28550.487,18825.075,18475.287,13771.402,10636.659,9551.608,1322.874,3158.171,6182.856,1960.338,4008.123,86201.478,30305.964999999997,376.73849,146.93545,1659.2861,789.965,434.5652,269.7508,32.711983000000004,38265.968829,818.189404,427.44577200000003,490.92029,299.970679,44.522228,51.634584000000004,75.98244,9.312968,196.98890600000001,58.00214,143.006604,106244.0,54955110.6771,7.136802110402394
4.0,15712.982,6464.404,2368.148,10144.634,7904.494000000001,5088.318,4864.304,15104.944000000001,384.024,11264.704000000002,384.024,14976.935999999998,13344.834,8000.5,5056.316000000001,5120.32,2528.1580000000004,3552.222,896.0559999999999,1312.0819999999999,2368.148,1216.076,1632.1019999999999,28289.768000000004,13120.82,48.003,32.002,310.41939999999994,147.20919999999998,73.60459999999999,54.403400000000005,6.304394,8107.002656000001,146.60116200000002,94.88593,100.64629,83.52522,0.0,61.091817999999996,28.129758000000002,4.6722920000000006,7.008437999999999,0.0,40.450528000000006,32002.0,20534621.1958,6.415841584158416
5.0,21922.26,5862.93,4673.35,22474.565,6797.6,2719.04,3866.135,27742.705,1232.065,8369.545,1274.55,12448.105,3101.405,1741.8849999999998,3228.86,637.275,1826.855,1656.915,254.91,552.305,1019.64,424.85,679.76,40148.325,4715.835,262.98215,96.8658,688.257,471.5835,89.2185,63.7275,8.454514999999999,8197.013415000001,267.867925,162.12276000000003,140.37043999999997,115.89908,12.193195,24.81124,26.638095,1.656915,68.99564,18.990795000000002,33.64812,42485.0,19014299.2181,6.069053708439898
6.0,11647.68,3264.88,1632.44,4853.2,6684.18,5625.3,1875.1,14934.62,88.24,4610.539999999999,551.5,6529.76,3926.68,1941.2800000000002,1588.32,816.22,2250.12,3154.58,308.84,926.52,2139.8199999999997,904.4599999999998,1500.08,20736.4,3000.16,26.030800000000003,9.044599999999999,119.12400000000001,61.767999999999994,22.06,19.854,0.0,4971.0004,55.9221,27.4647,78.68802,63.46662,0.0,11.09618,8.58134,0.6618,4.50024,0.0,20.44962,22060.0,46292591.0711,6.971698113207547
7.0,24266.84,9006.731,3360.0240000000003,12740.091,13813.431999999999,7793.389,6953.383000000001,19366.805,793.3389999999999,18013.462,1493.344,19833.475,13626.764,5366.705,3406.691,2520.018,3920.028,4013.362,560.004,1260.009,2146.682,746.672,1773.346,41673.631,10080.072,111.06746000000001,35.93359,504.00360000000006,289.33540000000005,107.33409999999999,46.667,5.786708000000001,8577.021263999999,92.86733,70.420503,140.74767200000002,96.554023,0.980007,39.106946,22.820162999999997,0.980007,10.500075,0.0,33.833575,46667.0,80798590.9635,6.5799043062200955
8.0,27857.778,14843.544,5487.93,12961.968,11864.382,7003.644,14529.948,13171.032,21951.72,1567.98,1097.586,17979.504,10191.87,15209.406,12125.712,19390.686,5331.132,8258.028,3135.96,2770.098,4703.94,2142.906,3188.2259999999997,45210.09,22369.847999999998,35.01822,31.88226,1060.9998,397.22159999999997,292.6896,371.0886,36.5862,27630.002772,420.950364,316.836492,700.3644,213.663408,11.028126,24.878616,51.377477999999996,0.679458,60.524028,6.480984,122.511504,52266.0,54160419.8274,7.157068062827225
9.0,73175.706,37315.436,15674.406000000003,43659.477999999996,28721.88,12320.970000000001,26733.438000000002,25777.228,79436.44,3456.9139999999998,2359.8559999999998,27460.802000000003,17214.584000000003,32003.61,43704.994,48109.112,20706.271999999997,14786.024000000001,4002.6519999999996,5226.376,9256.078000000001,3202.7219999999998,5000.094,120817.228,60628.892,259.78164,192.18912,4455.5584,2046.9686000000002,1229.9502,1553.4856,147.890698,85868.03109,1876.532572,2055.9767519999996,1282.405388,577.449754,78.27025599999999,66.574032,162.789238,9.028936,425.96679600000004,116.003904,357.840156,137830.0,64036724.032000005,7.384899117276166
10.0,13703.635,5401.627,2687.5089999999996,6918.34,8089.1359999999995,3512.388,5268.582,8142.354,1516.7130000000002,10590.382,1090.969,11069.344000000001,6226.505999999999,3405.952,2793.945,1569.931,1782.803,2873.772,478.96200000000005,1011.1419999999999,1623.149,771.661,1516.7130000000002,24214.19,6492.596,27.93945,10.90969,255.44639999999998,135.70589999999999,39.9135,45.235299999999995,5.907197999999999,8139.001266,200.339161,155.316733,450.17106199999995,57.422222000000005,1.011142,10.6436,18.333601,2.341592,8.488271,3.0068170000000003,24.453671,26609.0,55184283.9043,6.575342465753424
11.0,14793.3,7506.23,6300.85,7369.255,4328.41,1835.465,16519.185,5780.345,4136.645,465.715,493.11,8903.375,8218.5,10711.445,12629.095,13067.415,3287.4,3616.14,547.9,1862.86,1506.725,712.27,1342.355,22737.85,13971.45,96.9783,44.10595000000001,731.4465,402.7065,197.244,243.8155,33.03837,19029.99154,555.29665,666.90388,284.30531,117.2506,9.916990000000002,20.381880000000002,33.284925,1.999835,57.008995,15.50557,79.60987000000002,27395.0,13557340.1607,7.496240601503759
12.0,46597.842000000004,19075.14,7811.724,26886.863999999998,23616.84,13443.431999999999,13715.934,40784.466,635.838,34607.754,1090.008,50322.03599999999,44326.992,26886.863999999998,17530.962,19256.808,9628.404,9355.902,1453.344,3179.19,5904.21,2725.02,4632.534,78117.24,44417.825999999994,144.42606,100.82574,944.6736,499.587,227.085,145.3344,25.161018,22568.978976,380.59446,213.73240199999998,414.112206,216.63909,4.814202,239.165922,79.570584,11.626752,24.52518,7.993392000000001,122.262564,90834.0,46670569.5789,7.583333333333333
13.0,53616.78,43331.112,10504.511999999999,26917.812,18382.896,10285.668,11270.466,82723.03199999999,656.5319999999999,14115.438,656.5319999999999,31513.536,39391.92,31185.27,40814.405999999995,36984.636,6893.585999999999,8425.494,1422.486,3392.0820000000003,5252.255999999999,2844.972,4267.458,98589.222,71890.254,103.9509,63.46476,787.8384,393.9192,218.844,131.3064,17.288676000000002,25992.977256,615.061062,253.968462,556.95798,361.20202200000006,5.908788,261.080892,57.884237999999996,7.003008,16.96041,6.455898,123.428016,109422.0,54005018.7472,7.428832116788321
14.0,14775.72,6808.42,1593.46,6692.532000000001,8633.655999999999,5243.932000000001,3215.8920000000003,22569.188000000002,2288.788,608.412,289.72,3563.5560000000005,1796.264,3418.6960000000004,2201.872,2491.5919999999996,2317.76,4490.66,1245.7959999999998,1709.3480000000002,2288.788,1100.936,1709.3480000000002,26799.1,4519.6320000000005,61.13092000000001,28.102839999999997,391.122,147.75719999999998,104.2992,176.7292,13.124315999999999,8094.023528000001,263.326508,148.30766799999998,420.499608,100.99639200000001,3.0130879999999998,4.3458,23.119656000000003,1.01402,10.487864000000002,3.0130879999999998,59.363628,28972.0,99436036.7828,6.543396226415094
15.0,20493.824,7364.967999999999,3442.322,13449.072,10847.317,4883.294,10326.966,7765.237999999999,4322.916,15450.421999999999,2241.5119999999997,22735.336,12448.396999999999,6324.266,6324.266,4362.943,5163.483,3602.43,800.54,1160.7830000000001,1961.323,800.54,1400.945,32061.626999999997,15850.692,40.82754,28.0189,480.324,300.2025,76.0513,76.0513,11.407695,16952.995553,200.094973,103.66993,283.91151099999996,115.63800299999998,6.964697999999999,34.062977,22.214985,5.3235909999999995,18.01215,5.003375,46.551401,40027.0,29301606.7593,7.723463687150838
16.0,26407.002,6971.948,3246.585,10936.446,14191.127,12761.917000000001,4184.9890000000005,37478.716,550.714,5083.122999999999,792.3119999999998,32996.175,26618.899999999998,5029.102,11515.645000000002,15157.275999999998,3891.579,10073.91,3506.352,4811.0740000000005,7183.338,4280.738,5933.1230000000005,43037.182,22089.937,75.01301,32.839059999999996,747.8217000000001,469.1501,159.8618,90.8936,16.01366,17140.022034999998,318.797832,207.217417,278.59634000000005,147.334733,0.9612339999999999,49.478573,94.671471,1.986794,5.999426000000001,0.0,84.15804800000001,48123.0,25918907.12973,6.036037580578796
17.0,12001.32,3012.0960000000005,2212.0080000000003,9930.504,5294.7,3082.692,2094.348,17272.488,1341.3239999999998,1835.496,988.344,4612.272,941.28,517.7040000000001,2353.2,658.896,1270.728,1882.56,517.7040000000001,588.3,1035.4080000000001,423.57599999999996,729.492,21884.76,1176.6,77.89092000000001,16.94304,272.9712,174.13680000000002,40.004400000000004,16.472399999999997,0.0,3387.996168,85.138776,53.041128,62.877503999999995,33.933144,0.0,3.788652,12.260171999999999,0.32944799999999996,20.990544,4.00044,16.94304,23532.0,9983620.16277,6.550898203592815
18.0,36207.312000000005,18837.588,7033.515,17002.758,12538.005,5749.134,11437.107,550.4490000000001,47827.902,550.4490000000001,733.932,16941.596999999998,5015.201999999999,16635.792,24464.4,27644.772,9235.311,7094.6759999999995,1773.6689999999999,2507.6009999999997,3914.304,1467.864,2446.44,53515.875,33271.584,78.28608,83.79057,2446.44,984.6921000000001,617.7261,935.7633000000001,97.001346,50029.025229,1003.0404,1162.059,712.709133,327.884121,41.100192,36.574278,90.824085,2.018313,239.99576399999998,36.023829,205.13399399999997,61161.0,32719366.0874,7.645776566757493
19.0,70730.61200000001,32352.488,19497.078,49233.776,27029.224000000002,10408.774,89868.566,16401.85,24829.010000000002,6063.54,1560.492,49871.028,46266.06999999999,54846.306,40578.136,51278.242,19720.214,11795.374,2843.664,4547.554,6860.066,2455.91,4622.756,104300.142,51482.628000000004,411.21234,211.56260000000003,3673.5222,1810.5538000000001,1065.56,999.7532,99.68297799999999,85012.02495,1625.455472,1549.59119,1018.7176940000002,552.363528,48.87344,51.139784,138.846692,10.966086,379.04356,85.006844,266.13989599999996,138660.0,65097379.8317,7.553582637245908
20.0,10789.024,3307.5840000000003,1949.112,4606.991999999999,5965.464,3839.16,767.832,315.00800000000004,17935.767999999996,255.94400000000002,393.76,7619.256000000001,1240.344,1988.4879999999998,945.0239999999999,2401.9359999999997,1319.096,1850.672,255.94400000000002,531.576,1023.7760000000001,315.00800000000004,669.3919999999999,17620.76,3898.224,16.93168,12.994079999999999,295.32,124.03439999999999,59.064,82.68960000000001,5.276384,7343.998072,43.845175999999995,61.15092800000001,114.03289600000001,59.930271999999995,3.8982240000000004,6.457663999999999,3.9572880000000006,0.334696,23.507472000000003,0.0,18.90048,19688.0,33076798.0611,7.048
21.0,47868.517,20302.552,9713.721,23277.926,24940.635,9188.655,6913.369000000001,4288.039000000001,72196.575,2625.33,1487.687,40867.637,12339.051,14264.293,13301.671999999999,14701.848,8488.567,7875.99,1662.7089999999998,2362.797,5338.170999999999,1925.2420000000002,3062.885,77622.257,26778.366,71.75901999999999,60.38259,1793.9755,883.8611,420.0528,393.7995,47.781006000000005,38973.986471,454.35711200000003,432.04180699999995,566.283681,338.142504,30.62885,49.88127,55.65699600000001,7.350924,140.542666,16.539579,139.755067,87511.0,82098856.0576,6.857342657342658
22.0,30611.824,12985.16,6354.44,14366.56,14090.28,7404.304,32103.736,939.352,20223.696,1049.864,994.6080000000001,12101.063999999998,10995.944,14311.303999999998,15250.656,19063.32,6575.464,8840.96,1768.192,3923.176,5470.344,2044.4720000000002,3425.8720000000003,49398.864,24091.616,40.88944,37.02152,1099.5944,618.8671999999999,248.652,375.7408,63.378632,32749.015568000003,678.2121440000001,734.518008,375.46452,155.43512800000002,25.749296,33.374624,53.653575999999994,1.65768,119.02142400000001,20.99728,112.114424,55256.0,51983796.8159,5.749464668094219
23.0,12495.140999999998,5285.469,1899.846,6503.319,6746.889,3897.12,3799.692,17463.969,633.282,1851.1319999999998,608.925,3799.692,1315.2780000000002,1899.846,1851.1319999999998,1510.134,1704.99,2654.913,389.71200000000005,1022.9940000000001,1363.9919999999997,511.49700000000007,998.637,23285.291999999998,3458.6939999999995,56.99537999999999,29.959110000000003,202.16310000000001,97.428,53.5854,38.9712,5.723895,6740.994606,151.792824,115.038111,79.69610399999999,63.64484100000001,0.0,5.772609,12.348999000000001,0.0,7.989096,0.0,37.728993,24357.0,63253932.337,7.4287690179806365
24.0,12065.834,6315.517999999999,2113.364,6708.702000000001,6806.998,2629.4179999999997,3047.1760000000004,19831.218,442.33200000000005,982.96,245.74,3686.1,1597.31,2137.938,1351.57,1277.848,1499.014,1720.18,393.184,614.35,1056.682,466.906,712.646,23025.838000000003,2973.4539999999997,67.08702000000001,25.065479999999997,213.79379999999998,83.5516,54.0628,41.7758,6.02063,7266.998706,109.993224,107.85528599999999,65.784598,85.984426,0.0,4.349598,15.801082,1.326996,5.504576,0.0,29.464226,24574.0,145674612.329,5.5479082321187585
25.0,37256.66,8211.672,6919.094,35431.844,17335.752,8211.672,10644.76,47977.454000000005,4638.074,9960.454,2737.224,17411.786,6082.72,4409.972,9580.284,5094.278,5018.244,5018.244,1064.4759999999999,1596.714,2661.19,988.442,1748.782,70711.62,11937.338,571.0153399999999,114.051,2554.7424,1824.816,334.54960000000005,304.136,33.530994,24524.994801999997,931.7206360000001,868.536382,791.7420420000001,161.19208,72.2323,32.69462,121.806468,2.66119,533.530578,181.03695399999998,86.526692,76034.0,37068382.0503,7.092063492063492
26.0,20826.444000000003,8195.957999999999,3167.52,9779.717999999999,11878.2,6572.604,5068.032,25300.566000000003,2217.264,6493.416,514.7220000000001,9502.56,4394.933999999999,4157.37,3286.302,3484.272,2731.9860000000003,3484.272,356.346,1148.2259999999999,1979.7,752.286,1504.572,37059.984,9502.56,64.93415999999999,26.13204,340.50839999999994,158.376,63.3504,79.188,13.778711999999999,12908.990196,203.19640800000002,163.72119,180.90498599999998,152.35771200000002,0.98985,10.848755999999998,20.272128000000002,0.98985,11.48226,0.0,57.173736000000005,39594.0,327768573.733,6.387536514118793
27.0,21824.043999999998,6267.649,3922.9169999999995,16007.305,11858.933,6989.105,6132.376,7530.196999999999,1848.7309999999998,27866.237999999998,1713.4579999999999,24258.958,20786.951,17450.217,13076.39,11768.751,4103.281,5005.101,901.82,2074.1859999999997,3381.825,1623.276,2434.914,38237.168,26919.327,326.00793,64.93104,1068.6567,662.8376999999999,198.40040000000002,153.30939999999998,24.033503,14621.027295999998,329.119209,258.777249,206.201143,158.449774,16.954216000000002,371.41456700000003,95.728193,8.341835,124.49625100000002,19.479312,68.267774,45091.0,14501867.8828,6.534050179211469
28.0,14533.056999999999,4880.303000000001,2237.929,6821.639,7738.380999999999,5311.710999999999,8277.641,16501.356,728.0010000000001,1105.483,377.48199999999997,4448.895,2831.115,4691.562,2777.1890000000003,2588.448,2507.559,3801.783,808.89,1267.261,2291.855,916.742,2049.188,25156.479,5230.821999999999,71.99121,32.894859999999994,299.28929999999997,183.3484,64.71119999999999,48.5334,12.268165,9406.015587,198.60945800000002,154.98332399999998,99.439544,57.997413,2.992893,10.866088999999999,19.359434,0.323556,10.488607,8.493345,43.464355999999995,26963.0,40134533.1193,6.65945945945946
29.0,18694.415,10990.855,4383.06,8533.685,6674.205,2623.195,18395.57,332.05,14078.92,0.0,398.46,8732.915,8633.3,13248.795,16801.73,20354.665,7205.485,5246.39,1062.56,2523.58,3187.68,1394.61,1992.3,29120.785,21948.505,40.84215,32.87295,853.3685,444.947,222.4735,491.434,65.447055,30272.9985,912.174555,1326.108085,482.103395,152.909025,15.14148,49.575065,42.402785,3.9846,115.48699,29.984115,114.789685,33205.0,16451615.9732,6.721238938053097
30.0,19842.375,6803.1,5518.07,14891.23,7105.46,3477.14,5215.71,14513.28,14286.51,2154.315,1587.39,7143.255,3136.985,3288.165,7332.23,5253.505,3363.755,2570.06,491.335,831.49,1625.185,491.335,1020.465,33070.625,8125.925,122.07785,51.02325,978.8905,525.3505,241.888,162.5185,17.952625,11223.98115,251.903675,276.50822,196.60959,105.14569,17.08334,11.94322,37.983975,2.003135,91.99303,21.99669,66.330225,37795.0,20528197.6396,7.205607476635514
31.0,26282.868,8017.697999999999,4412.106000000001,10437.24,14517.252,10057.704,14327.483999999999,3795.36,27943.338,332.094,1043.7240000000002,12382.362,4933.968,7590.72,4791.642,6546.996,5882.808000000001,7353.51,1755.354,2134.89,4839.084,1613.0279999999998,2514.426,43883.85,9820.494,37.9536,20.874480000000002,597.7692,379.536,104.37240000000001,109.11659999999999,25.001934,19416.966876000002,394.95465,274.119876,242.33373600000002,122.305476,9.108864,24.147978,28.70241,0.664188,51.00015,8.017698,81.31558799999999,47442.0,39833695.1736,5.108
32.0,12606.726,5474.634,2486.187,7081.866,6705.170999999999,3365.1420000000003,9216.471000000001,6906.075,426.921,8011.047,602.712,11953.788,9944.748,5298.843000000001,3239.577,3440.4809999999998,2310.3959999999997,1858.362,301.356,602.712,1155.1979999999999,401.80800000000005,728.2769999999999,20341.53,10748.364,39.92967,19.08588,288.7995,120.5424,107.9859,67.80510000000001,6.152685,9015.014514,111.074799,77.34804,110.220957,61.551963,2.963334,37.795065,16.649919,2.661978,7.508787,2.9884470000000003,39.804105,25113.0,50553892.9775,6.289293849658314
33.0,8374.336,3448.256,1293.096,4079.41,4525.835999999999,2047.402,2139.766,10067.676000000001,908.2460000000001,2032.0079999999998,246.304,5280.142,3094.1940000000004,2170.554,1878.068,2416.8579999999997,1354.672,1893.4620000000002,354.06199999999995,692.73,1123.762,584.972,939.034,14131.692,4787.534000000001,30.941940000000002,16.00976,177.031,70.8124,47.7214,56.957800000000006,12.269018,7154.007438,132.58852199999998,134.328044,127.73941199999999,43.811324000000006,2.9402540000000004,6.77336,12.022713999999999,1.339278,4.495048,0.0,27.601442000000002,15394.0,40925777.306,6.183060109289618
34.0,19872.3,10977.08,4163.72,10560.708,9349.444,2838.9,26155.731999999996,454.224,9235.887999999999,1135.56,794.8919999999999,17828.292,15102.948,14005.24,13853.832,18623.184,5753.504,5753.504,1551.9319999999998,2195.416,3444.532,1173.412,2006.156,31265.751999999997,22711.2,90.8448,62.077279999999995,1082.5672,594.2764,242.2528,306.6012,42.924168,28802.003172000004,580.573976,671.30522,261.897988,162.00656,15.443615999999999,47.844927999999996,40.615196,4.0123120000000005,80.51120399999999,21.499936,78.16438,37852.0,19379817.5793,6.375661375661376
35.0,34355.13,17501.67,8232.267,17112.744,14908.83,7000.668000000001,39735.273,907.4939999999999,22168.782000000003,842.673,1166.778,24502.338,21650.214,25215.369,23270.738999999998,29234.271,9917.613000000001,9269.403,1879.809,3824.4390000000003,5639.427,1555.704,3176.2290000000003,54449.64,35781.192,90.10119,79.72983,1516.8113999999998,700.0668000000001,440.7828,589.8711,85.174794,48328.981896000005,1203.337044,1281.640812,617.355204,295.84304399999996,28.780524,100.861476,77.13699,3.6947970000000003,154.987011,35.975655,156.93164099999998,64821.0,18222401.7791,7.368421052631579
36.0,51210.92,27541.27,11900.5,40655.11,21419.14,8927.84,80370.41,5276.35,12296.580000000002,11666.43,830.23,67838.04,58266.11,44149.84,27087.93,32704.93,7483.65,10046.93,2437.3999999999996,3610.5299999999997,5335.860000000001,2007.22,2776.4399999999996,72722.70000000001,53140.19,243.88049999999998,112.2242,1559.6809999999998,705.583,471.804,504.55000000000007,56.49199,61306.982520000005,921.42558,329.66327,517.8665100000001,319.84794,25.01273,99.46901,61.994690000000006,20.63609,82.02851,24.489910000000002,121.01661,110440.0,38081205.2468,7.4541378666168505
37.0,97110.451,42068.29,19840.589,55597.47,40469.989,19283.482,21404.593999999997,24849.266,123573.67900000002,3845.64,3463.2569999999996,58077.219,16562.489,36992.659,48634.121,51733.702,24167.273999999998,17381.767,3666.807,5573.075,11637.309,3517.45,6267.627,150796.862,69209.031,295.07966,220.71949,6102.2984,2788.5441,1440.5911,1963.0627,187.964816,110429.99848,2819.8896,3526.94816,2685.444307,747.4169850000001,92.305395,102.77768900000001,243.20741900000002,8.648329,628.4838649999999,157.008018,425.05098499999997,177290.0,87698877.0982,7.653858053640213
38.0,24637.878000000004,13168.520999999999,5852.6759999999995,13829.306999999999,10950.168,3445.527,28508.196,2359.95,12224.541,3020.7360000000003,1132.7759999999998,21758.738999999998,11327.76,13451.715,14254.098,11091.765,4059.1139999999996,3115.1339999999996,660.786,1227.174,1840.761,755.1840000000001,1321.572,39883.155,24543.48,109.02969000000002,66.0786,1316.8520999999998,632.4666,316.2333,339.83279999999996,33.605688,26941.000404000002,466.98690600000003,307.45428599999997,281.542035,168.594828,10.053387,27.517016999999996,26.761833000000003,1.3215719999999997,66.50339100000001,16.000460999999998,85.241394,47199.0,27609751.0667,7.672364672364672
39.0,24709.7,7244.98,3982.3400000000006,19911.7,10891.46,5949.52,10795.5,30179.42,767.68,5037.9,1247.48,18136.44,10027.82,7197.0,6045.48,3886.38,4414.16,4414.16,527.7800000000001,1439.4,2686.88,1055.5600000000002,1967.1799999999996,40543.1,10555.6,143.94,47.02040000000001,575.76,259.09200000000004,167.93,81.566,10.41166,13051.9994,255.82936000000004,127.57881999999998,128.49044,132.9046,11.995,16.74502,36.75268,0.67172,118.9904,22.50262,53.92952,47980.0,57724460.4584,6.37962962962963
40.0,13228.703000000001,4926.379,2400.672,6976.9529999999995,6801.904,3901.092,3325.9310000000005,17854.998,1075.301,2275.6369999999997,475.133,7627.135,4451.246,3150.882,2925.8189999999995,3250.91,2025.5669999999998,2850.798,325.091,975.273,1475.4130000000002,525.147,1175.3290000000002,23131.475,6076.701,49.01372,26.00728,247.56930000000003,100.028,60.016799999999996,62.5175,11.728283000000001,10936.986498999999,250.32007,253.721022,307.461065,126.23533599999999,3.00084,11.00308,18.605208,0.325091,7.5021,0.0,42.93701899999999,25007.0,67009381.5568,6.652380952380953
41.0,13152.84,4945.0599999999995,1503.91,6601.91,7825.43,4613.6900000000005,2880.37,11903.83,458.82,9992.080000000002,254.9,9966.59,7162.69,2370.57,1886.26,1299.9899999999998,1784.3,2447.04,484.31,637.25,1350.97,739.21,1147.05,22762.57,4078.4,45.1173,10.9607,209.01799999999997,101.96,63.725,30.588,0.0,4765.99275,52.43293,35.50757,76.62294000000001,63.29167,0.99411,21.79395,9.71169,1.32548,4.00193,0.0,16.26262,25490.0,68394169.9666,7.022222222222222
42.0,20242.862,7207.089,3032.4910000000004,17958.648,7797.834,3426.321,8467.345,17407.286,8349.196,4056.449,1142.107,7443.387,4725.96,5749.918,8349.196,7128.323,3780.768,4253.3640000000005,984.575,1929.767,2441.746,945.192,1772.235,36114.211,11854.283000000001,192.18903999999998,68.13259000000001,1563.5051,874.3026,275.681,279.6193,23.787331999999996,22420.978197999997,538.956355,576.17329,423.170335,170.725305,9.530686,22.527076,50.01641,2.323597,104.48309900000001,20.991139,79.789958,39383.0,28477918.5721,6.173423423423423
43.0,23350.0,10227.3,3829.3999999999996,14056.7,11768.4,6864.9,4763.4,22883.0,280.2,18353.1,467.0,21201.8,18119.6,14056.7,7472.0,8079.1,4156.3,4249.7,607.1,1401.0,2661.9,1027.4,1821.3,41843.2,19987.6,75.18700000000001,46.233,401.62,191.46999999999997,102.74000000000001,65.38,7.7055,11098.0215,248.81759999999997,124.222,159.8074,118.3845,0.9807,152.5689,24.1906,4.67,16.9988,0.0,57.5811,46700.0,29911047.0626,7.616033755274262
44.0,10767.383999999998,4906.656,2521.476,7768.872,5179.248,2339.748,14174.784,1113.084,5542.704000000001,1567.404,318.024,12516.516000000001,8200.476,5679.0,4679.496,3611.844,2067.156,1726.4160000000002,340.74,795.06,1044.936,431.60400000000004,636.048,16787.124,10971.828000000001,32.02956,19.990080000000003,427.0608,202.17239999999998,118.1232,140.8392,6.8148,12376.994327999999,184.45392,112.89852,144.723636,87.365736,7.83702,9.608868,17.059715999999998,2.339748,24.510564,9.99504,32.71104,22716.0,19726845.26,6.908296943231441
45.0,75807.013,30174.66,13413.695,37300.185,36228.731,18607.318,9236.668,2051.709,120397.90099999998,1730.578,2280.4210000000003,71457.945,11596.239,21707.663,23290.196000000004,29443.667999999998,15677.062999999998,11176.136,2207.188,3705.1839999999997,7311.603000000001,3003.0730000000003,4662.508,116001.74799999999,46692.761,215.30374,137.97629,3520.4121,1686.987,878.8758,795.0664,111.20182199999999,76266.036103,1082.167922,1152.423085,1182.099816,596.3921799999999,62.780192,96.546943,79.03535,11.310507000000001,330.020549,60.506709,238.21362499999998,135749.0,81590414.9338,7.750227489711026
46.0,63929.647,25821.195999999996,14577.637,37296.734,26819.136,14447.892,55109.789000000004,16444.125,35918.847,8873.115,2735.742,30968.858,24763.932,31706.579999999998,38178.497,35513.529,13977.161,16157.101999999999,2865.487,6857.225,10079.780999999999,4238.719,6080.895,101164.189,54649.78,206.15997000000002,147.30613,3371.7815,1603.4505,716.6397999999999,1367.5489,137.65525100000002,96796.976977,1945.596884,2375.522367,1784.40023,468.38475900000003,47.145595,86.72271699999999,230.126459,8.335184,355.53271,84.540636,317.83176100000003,119023.0,41145585.488,5.712121212121212
47.0,11332.776000000002,6434.36,2345.4280000000003,5604.12,4753.124,1577.4560000000001,13968.788,207.56,6226.8,145.292,207.56,7098.552000000001,5168.244,7845.767999999999,9277.932,11498.823999999999,3819.104,2366.1839999999997,352.852,1162.336,1286.872,498.144,830.24,17725.624,12661.16,30.0962,26.9828,572.8656,323.79359999999997,122.4604,249.072,34.475716,15189.988016000001,489.42648,579.881128,378.61019600000003,131.447748,10.855388,17.808648,33.147332,2.656768,56.995976000000006,15.504731999999999,50.3333,20756.0,16319725.2523,5.17948717948718
48.0,75079.601,38755.71,15442.426,35554.638,30867.470999999998,13997.349,36006.616,5348.392,89244.01,2487.9889999999996,1621.7259999999999,41200.592000000004,14683.029,31710.237,46425.464,43473.770000000004,19660.367000000002,15470.489000000001,3413.8940000000002,5715.479,9883.542,4316.264,6880.9839999999995,119661.558,67860.146,202.98926,178.6298,5126.9303,2416.864,1155.6909,1696.547,177.1986,96549.03170699999,2043.4995760000002,2011.889808,1773.5704609999998,657.505208,65.47683599999999,87.01969299999999,183.587274,7.695514,395.960159,69.000376,372.34647800000005,134587.0,148022171.2449,6.848946961377596
49.0,21874.607999999997,2473.9139999999998,8463.39,19313.89,9157.822,3992.9839999999995,4687.416,29252.948000000004,2083.2960000000003,6206.486,1171.854,10025.862000000001,3732.572,2907.934,6380.094,3124.9440000000004,2300.306,3298.552,737.834,998.2459999999999,1779.4819999999997,434.02,1128.452,39192.006,5338.446,515.18174,75.9535,1054.6686000000002,755.1948,164.9276,169.2678,10.937304,10996.98175,431.546086,348.99548200000004,247.087586,105.293252,20.18193,18.66286,57.334042000000004,0.998246,134.50279799999998,29.990781999999996,51.64838,43402.0,10894316.3351,7.2894736842105265
50.0,19805.52,9089.319,4137.938999999999,8771.016,9266.154,4031.8379999999997,8558.814,1273.212,24332.496,636.606,601.239,12873.588,3041.562,6931.932000000001,6366.06,9195.42,5092.848,4420.875,1096.377,1909.8180000000002,2369.589,954.9090000000001,1485.414,31547.363999999998,12767.487,31.122960000000003,21.92754,597.7022999999999,300.6195,173.2983,201.59189999999998,32.148603,21837.00048,383.555115,446.083971,296.02179,116.39279700000002,11.918679000000001,27.020388000000004,21.679971000000002,1.343946,80.000154,11.494275,64.261839,35367.0,40256794.7299,6.61128526645768
51.0,55214.4,21673.575,10478.302,40901.986999999994,28307.464999999997,12412.704,46186.799,9429.159,1433.942,54512.18699999999,2203.593,78231.982,64427.101,33005.058000000005,21625.405,16893.786,6839.486,8098.682000000001,1941.474,2587.7780000000002,4583.213,1705.6950000000002,2930.1980000000003,83530.218,51922.514,231.72393,113.54594,1549.9661,869.4867999999999,365.6803,230.89530000000002,33.72976800000001,45987.03688,862.0524529999999,373.790025,742.262917,251.411757,19.363954999999997,250.55150400000002,55.640964,32.66069,76.45049600000002,42.00375699999999,100.82745700000001,113713.0,54603013.024299994,7.009296057924376
52.0,22435.701999999997,9035.99,3658.474,11768.826,13135.244,6523.544,4319.644,37025.52,132.234,2247.978,352.624,7228.7919999999995,3438.084,3614.3959999999997,3526.24,2424.29,3746.63,4451.878,528.936,1146.028,2953.2260000000006,881.56,1851.276,41653.71,5597.906,81.10351999999999,33.94006,290.9148,132.234,52.8936,70.5248,10.182018000000001,12199.996996000002,266.142964,232.11474800000002,160.8847,120.641486,1.0137939999999999,6.6117,27.54875,0.66117,0.0,0.0,59.196754000000006,44078.0,89615893.6662,7.086170212765958
53.0,57882.552,25018.832000000002,10919.236,33181.756,25866.928,11025.248,18764.124,23534.664,50355.7,10389.176000000001,2968.336,50461.712,28835.264,21520.436,21838.472,29153.3,11237.271999999999,9435.068000000001,1908.2160000000001,3286.3720000000003,6148.696,2650.3,4028.4559999999997,88732.04400000001,43040.872,132.515,96.47091999999999,1855.21,975.3104,349.83959999999996,498.25640000000004,47.811412000000004,46779.06714399999,758.833896,640.9485520000001,722.47178,411.75060799999994,28.729252000000002,76.116616,94.56270400000001,12.297392,185.521,41.450692000000004,186.58112,106012.0,45254807.1642,7.857749469214437
54.0,39055.104,16248.671999999999,8233.632000000001,18653.184,20766.24,9108.0,5756.255999999999,12022.56,51223.392,2695.968,1165.824,31768.703999999998,11803.968,9909.504,8306.496,12241.152,7504.992000000001,5610.528,947.232,1894.464,3643.2,1530.144,2768.8320000000003,65941.92,18871.775999999998,85.25088,61.9344,1194.9696,655.776,313.3152,233.1648,31.550112,25551.94752,273.750048,281.837952,303.84288,226.388448,16.685855999999998,36.140544,33.808896000000004,4.298976000000001,99.96940799999999,15.520031999999999,88.31116800000001,72864.0,54341775.9534,7.566191446028514
55.0,107512.989,35407.136000000006,19634.899,57857.185000000005,60126.049000000006,31899.452000000005,33485.006,39936.842000000004,7835.5,117997.261,5614.59,124352.8,103145.11299999998,45739.405,38909.79,29729.598999999995,18699.582000000002,17576.082,3178.654,5624.045,11241.436000000002,4901.7660000000005,7985.285000000001,162091.644,102963.486,451.90083999999996,134.11674000000002,2456.7048999999997,1331.36,593.8244,382.58709999999996,41.233281,62111.991236,860.858504,444.34419799999995,1050.2031339999999,575.050819,17.218655,889.6967159999999,139.00228299999998,34.641761,64.525491,12.988242,215.930035,204851.0,185203988.8959,6.901589675121033
56.0,42214.31,22281.506,9739.689999999999,24175.595999999998,17904.724000000002,5977.156,57157.07400000001,4135.6900000000005,15343.923999999999,2454.724,933.8979999999999,32501.13,28151.739999999998,29272.792,30527.33,38825.454000000005,13288.703999999998,10273.4,2321.508,4696.432,6030.59,1867.868,3709.0820000000003,65162.18400000001,47898.416,133.95986,94.9975,2348.1872000000003,1110.0628000000002,501.6658000000001,835.2493999999999,105.08245000000001,59347.01022999999,1484.019312,1663.8556859999999,786.745372,286.27144200000004,39.599122,88.191748,122.828276,8.0052,205.01979600000004,54.49001799999999,170.83393800000002,80052.0,21307758.21638,7.542605660520525
57.0,45183.03,15089.427,4688.805,26939.316000000003,23188.271999999997,15259.928999999998,11935.14,47911.062000000005,2301.777,21312.75,1875.5220000000002,40323.723,20033.985,6308.5740000000005,8695.601999999999,6479.076,5797.067999999999,9292.359,1619.769,3069.0360000000005,5711.817000000001,2472.279,4688.805,77834.163,17391.203999999998,154.30431000000002,57.118170000000006,707.5833,443.3052,127.8765,76.72590000000001,7.331586,19544.047502999998,314.32043699999997,176.81057400000003,324.891561,217.04904599999998,9.889116,75.532386,53.19662399999999,5.370812999999999,26.513061,12.958152,79.709685,85251.0,57827751.7936,7.148325358851674
58.0,15595.502999999999,5169.78,3274.1940000000004,10885.258999999998,5945.246999999999,3417.7990000000004,6175.015,8099.321999999999,10856.537999999999,2527.4480000000003,1033.9560000000001,6289.898999999999,3417.7990000000004,5198.501,6921.761000000001,6289.898999999999,3819.8930000000005,2757.216,430.815,1033.9560000000001,1694.5390000000002,516.9780000000001,1033.9560000000001,25504.248,8788.626,99.08745,39.060559999999995,1102.8863999999999,669.1993,203.9191,160.83759999999998,20.047258,14702.997925,414.18554099999994,325.179162,262.59610299999997,111.60980600000002,14.130732000000002,16.887947999999998,25.935063,2.3264009999999997,63.502131,12.005377999999999,63.67445699999999,28721.0,16482821.839,6.932291666666667
59.0,44246.03599999999,17309.995,6164.047,26091.651,23051.847,11821.46,14185.752,54294.277,1435.463,12243.655,2279.853,29215.894,18576.58,12074.777,14354.63,10892.631000000001,7346.192999999999,8106.144,1688.78,2786.487,4813.023,1942.0969999999998,3546.438,75657.344,23642.92,227.14091000000002,103.85997,962.6046,481.3023,185.7658,151.99020000000002,24.48731,22969.94117,476.99591100000004,279.324212,380.65101200000004,211.94189,8.950534000000001,69.831053,60.79608,7.3461929999999995,32.002381,7.515071,113.570455,84439.0,67119995.3143,5.98776758409786
60.0,20227.59,7863.496,3207.4350000000004,10239.526999999998,11541.684,6220.858,4653.66,14564.187,860.654,18026.449,928.9770000000001,18708.239999999998,12640.006,5477.947,4011.4660000000003,3036.518,3517.618,3348.578,661.316,805.384,1911.652,724.313,1409.553,33785.397,10616.68,65.91113,26.03266,356.0969,191.1652,90.108,31.5509,0.0,7503.009065,95.85013599999999,60.739745,125.730415,106.229312,0.9869530000000001,49.713604000000004,11.493006999999999,2.345428,6.507117,0.0,37.461403000000004,39073.0,61939768.645799994,7.185295751180227
61.0,12190.542,3371.377,1763.833,4777.978,6899.043,5470.115,1808.4869999999999,10962.556999999999,960.0609999999999,7725.142000000001,848.4259999999999,7747.469,3416.0310000000004,2076.411,1674.525,937.734,1942.4489999999998,3237.415,602.8290000000001,915.4069999999999,1964.776,736.7909999999999,1317.2930000000001,20697.129,3862.5710000000004,27.01567,12.05658,158.52169999999998,93.77340000000001,33.4905,13.396199999999999,0.0,3965.007276,61.287615,56.33102100000001,85.93662299999998,40.41187,0.982388,4.68867,6.564137999999999,1.004715,0.0,0.0,23.063791000000002,22327.0,45666940.5715,7.130325814536341
62.0,16552.89,6883.38,2950.02,9702.288,8915.616,4261.14,11767.302,18814.572,295.002,1540.566,360.55800000000005,9997.29,5441.148,5375.592,3933.36,2228.904,2622.24,2622.24,426.11400000000003,852.2280000000001,1573.344,524.448,1212.786,28811.862,7932.276,64.90044,43.92252,390.0582,203.2236,78.6672,81.945,6.06393,10538.979228,190.24351199999998,136.651482,126.457524,124.818624,1.999458,10.226735999999999,17.142894,1.3438979999999998,19.99458,3.015576,46.348092,32778.0,30016735.5092,7.304347826086956
63.0,38678.994,14010.888,4918.715999999999,32716.914,16544.772,6409.236,13787.31,48516.426,3875.3520000000003,4993.242,3428.196,13116.576000000001,6260.184,5589.45,5663.976,3577.248,4546.085999999999,4397.034000000001,894.312,1341.468,2533.884,968.8380000000001,1714.098,67669.608,6558.2880000000005,360.70583999999997,76.01652,1155.153,752.7126,216.12539999999998,126.6942,14.383518,16298.985252,478.605972,421.44453,350.57030399999996,171.707904,11.029848000000001,21.910643999999998,40.9893,0.29810400000000004,79.966398,20.49465,66.104562,74526.0,42509225.9147,7.344578313253012
64.0,15232.176000000001,1862.9279999999999,4383.36,12109.032000000001,5725.763999999999,3260.1240000000003,1917.72,19999.08,1095.84,3506.6880000000006,876.6720000000001,5150.448,1123.2359999999999,794.4839999999999,2520.432,1424.592,2164.284,1698.5520000000001,465.73199999999997,630.108,931.4639999999999,410.94,712.296,25861.824000000004,1506.78,186.01884,50.95656,630.108,460.25280000000004,84.92760000000001,41.094,11.862467999999998,9503.014895999999,353.49058799999995,271.30258799999996,207.79866,44.217144000000005,9.013283999999999,10.985796,18.245735999999997,0.328752,59.50411199999999,22.492115999999996,30.984875999999996,27396.0,7526926.61281,7.378947368421053
65.0,47385.58,17852.984,7409.772000000001,25642.632,23634.028000000002,16162.764,10761.596000000001,45487.4,3066.6439999999993,29934.316,1514.044,49273.82,42546.907999999996,24103.576,16503.648,22328.272,9564.516,10709.060000000001,2423.1040000000003,3722.744,7235.016,3512.272,5748.496,78070.256,43269.416,162.96452,93.95876000000001,1172.068,629.8432,271.8988,206.7912,27.21806,27194.993108000002,540.201244,396.67158,405.548632,231.057184,12.544984,199.231016,119.888868,9.310792,32.493075999999995,4.0183,130.078576,90764.0,67119897.6277,7.291445124262277
66.0,16543.09,3315.055,2317.32,16253.425,7338.18,2896.65,3958.755,25007.745,579.33,1737.99,933.365,10524.495,6372.63,3025.39,4023.125,1963.285,2220.765,1931.1,321.85,547.145,1158.66,418.405,772.44,26102.035,5374.895,214.9958,69.84145,572.893,296.102,141.614,77.244,9.623315,8005.986565,306.240275,164.52972,157.996165,75.345085,4.69901,7.53129,31.187265,1.319585,58.51233,11.00727,55.712235,32185.0,35321996.1232,7.27906976744186
67.0,12568.555999999999,5688.452000000001,3687.3759999999997,6093.164000000001,4789.092000000001,2225.916,6475.392000000001,6228.067999999999,6610.295999999999,2428.272,719.488,6340.487999999999,3147.76,4271.96,4699.156,4834.06,2473.24,1798.72,224.84,539.616,1056.748,404.71200000000005,809.4240000000001,20370.504,7846.916,11.01716,8.9936,263.0628,110.17160000000001,71.9488,134.904,25.834116,10156.000316,208.24680800000002,193.24998,167.101088,82.381376,5.913292000000001,25.879084,15.693831999999999,2.9903720000000003,32.48938,0.0,42.69711600000001,22484.0,37752552.8666,7.056547619047619
68.0,82758.312,31984.510000000002,18368.541,52978.074,36572.219000000005,16250.655999999999,57280.494999999995,16006.527999999998,73590.357,4161.624,5033.641,45529.39,29178.905,38749.267,47106.987,46677.201,22216.09,21768.701,4600.403,7185.528,14863.298,4777.865,8337.431,130394.28199999999,63085.921,210.70389,169.81657,3641.1602000000003,1828.674,812.3674,1784.1278,163.590408,105759.956051,2134.168707,2739.0107479999997,1575.450121,572.798908,119.483678,137.31146,228.20729600000004,10.336707,722.976259,191.997171,345.497656,156154.0,52146697.51799999,7.014876033480145
69.0,19349.092,2560.292,3861.4239999999995,19013.316,11752.16,4826.78,8688.204,24427.703999999998,2182.544,5540.304,1133.2440000000001,12885.403999999999,5036.64,3399.732,5204.528,3693.5360000000005,3273.816,4365.088,965.3559999999999,1091.272,2560.292,881.4119999999999,1385.076,37019.304,8730.176,426.0158,94.01728,1410.2592,889.8064,214.0572,146.902,11.206524,15690.980367999999,354.45354,323.688064,324.905252,102.537596,45.833424,26.2325,57.08192,1.67888,482.51011199999994,138.5076,53.5143,41972.0,18362149.8311,6.09433962264151
70.0,20443.911,12413.76,4538.781,10784.454000000002,8185.323,2870.6820000000002,25215.45,581.895,12607.725,155.172,232.75799999999998,14508.582,12530.139,13926.687,16680.99,21607.701,7137.911999999999,6478.431,2017.236,2715.51,3724.1279999999997,1357.755,1939.65,33090.429,23043.041999999998,53.922270000000005,43.836090000000006,760.3428,345.2577,232.758,418.9644,53.883477,28914.013413,750.101448,1058.467005,518.584824,174.21936300000002,23.780109,48.568836000000005,67.732578,1.668099,87.012699,21.995631,103.926447,38793.0,16457634.8221,4.905172413793103
71.0,11498.76,4045.86,2448.81,5579.027999999999,6409.494000000001,2789.5139999999997,2235.87,532.35,13606.865999999998,3343.158,1597.05,9816.534,2065.518,3598.6859999999997,2470.104,4152.33,3215.394,2491.3979999999997,511.056,745.29,1511.874,511.056,787.878,18142.488,7218.666,21.08106,18.0999,372.645,159.705,108.59939999999999,132.02280000000002,11.81817,9555.001092,160.216056,90.584676,170.948232,96.014646,2.065518,11.030292,10.96641,3.0024539999999997,31.004064,3.492216,31.898412,21294.0,22887772.7683,7.5477031802120145
72.0,14501.148000000001,5789.218000000001,1798.592,7475.398,8290.385,4777.51,2135.828,11494.127,533.957,12927.38,1011.7080000000001,12590.143999999998,8177.973000000001,2473.0640000000003,2613.579,2051.519,1854.7979999999998,2360.652,505.85400000000004,449.648,1517.5620000000001,421.545,899.296,24843.052000000003,6604.205,25.011670000000002,10.96017,210.7725,129.2738,50.5854,19.672099999999997,0.0,5526.988907000001,89.760982,71.04438400000001,123.990436,49.095940999999996,0.0,33.639291,13.124101000000001,1.995313,6.997647,3.007021,23.718932000000002,28103.0,51013708.6437,7.144736842105263
73.0,15693.132,5489.722000000001,1839.4880000000003,7300.467999999999,7760.34,6323.24,5633.432000000001,21039.144,632.3240000000001,804.776,632.3240000000001,5432.237999999999,2759.232,4052.6220000000003,2558.038,2443.07,2730.49,3765.202,574.84,1322.1319999999998,2414.328,1178.4219999999998,2011.94,26816.286,4081.3639999999996,37.07718,16.095519999999997,347.7782,212.69080000000002,45.9872,68.9808,6.524434,7160.005846,104.44842799999999,126.17738,141.49686599999998,73.119648,1.034712,5.777142,22.390018,0.344904,7.5016620000000005,0.0,38.22686,28742.0,64546803.1632,6.738916256157635
74.0,15952.302,8111.34,3394.7460000000005,8261.55,7780.878,2493.4860000000003,11085.498,7029.8279999999995,8832.348,2613.6539999999995,450.63,7570.584,3695.166,5197.2660000000005,6338.862000000001,7270.164000000001,2583.6119999999996,2853.99,420.58799999999997,901.26,1772.478,510.714,991.386,26647.254,11956.715999999999,45.063,29.140739999999997,507.7097999999999,207.2898,108.1512,222.31080000000003,25.98633,16669.013993999997,311.35528800000003,275.33493,202.963752,111.095316,4.836762000000001,14.810705999999998,29.351034,0.6609240000000001,41.00733,3.0042,56.08841399999999,30042.0,89023936.4431,6.958250497017892
75.0,13898.82,7819.76,3615.3,8007.22,4981.080000000001,2410.2,19817.2,267.8,6239.74,107.12,348.14,7551.96,9051.64,11086.92,11435.06,14595.1,4900.74,3990.22,723.06,2062.06,2115.62,830.18,1499.68,22147.06,15853.76,68.0212,50.882,1322.932,581.126,385.632,358.852,51.79252,19342.97976,626.14318,762.53372,320.85117999999994,108.64646,10.63166,33.58212,88.48112,0.6695,115.50214,20.99552,61.8618,26780.0,49729963.3795,7.2
76.0,52331.333999999995,19965.77,10193.051,33521.477,27846.995,13450.624000000002,58110.899,16918.363,1891.494,25219.92,2942.3239999999996,65151.46,46341.602999999996,24799.588000000003,19335.272,15972.615999999998,9877.802000000001,8091.391,1576.245,2837.2410000000004,5043.9839999999995,1786.411,3152.49,80598.66100000001,41717.951,215.42015,93.52387,1681.328,893.2055,336.26560000000006,304.7407,32.365564,44911.003038,714.984732,287.612171,445.341754,222.77596,50.019507999999995,77.130922,58.110898999999996,16.287865,109.49648599999999,57.48040100000001,108.025324,105083.0,47856882.6332,7.3202614379084965
77.0,70496.32800000001,35728.417,14696.162,39017.171,31838.425000000003,14188.825,35851.251,2614.499,64312.08500000001,20916.622,11828.741,61512.939999999995,27962.249,33640.06,27549.573000000004,37886.781,20693.004,14130.683,3632.94,5086.715,8320.157,3051.6630000000005,5712.982999999999,112591.862,58360.01,241.02714,168.88657999999998,4094.5065999999997,1784.6356,894.3919,1205.0854,108.32296299999999,78743.04054700001,1414.149442,1040.704021,1122.618121,589.070137,34.334114,85.618677,163.818986,11.001546,226.469109,36.474263,230.13565300000002,135469.0,131322757.38350001,6.958255340233429
78.0,14277.354,5008.691999999999,2478.528,6428.682,7487.22,4440.696,4182.516,5886.504,6506.1359999999995,7926.126,1342.536,12650.82,5395.9619999999995,3485.43,3304.704,2168.712,1858.896,2581.8,387.27,800.3580000000001,1626.5339999999999,722.904,1032.72,22978.02,7022.496,18.0726,19.105320000000003,353.7066,227.19840000000002,69.7086,38.727,6.015594,8005.981073999999,88.03938,80.26816199999999,119.175888,68.236974,2.943252,10.533743999999999,8.933028,1.342536,9.991566,5.499234,28.425617999999996,25818.0,42789975.4198,7.120547945205479
79.0,18691.565,10215.588,3553.248,11251.952,8142.86,3886.365,5996.106,18432.474,2553.897,8624.029,1369.481,16507.798,13435.719,7106.496,9401.302,7735.717,2775.975,3664.2870000000003,629.221,1295.455,2627.923,1147.403,1776.624,31164.946,18210.396,41.824690000000004,31.83118,392.3378,214.6754,107.3377,81.4286,10.215588,12371.003042,273.452044,86.98055,187.248767,94.309124,1.961689,47.228587999999995,34.125986,4.330521,19.98702,3.9974040000000004,52.521447,37013.0,15893305.1598,7.645669291338582
80.0,11803.95,4212.39,1712.73,7823.009999999998,6318.585,3124.575,5809.395,10993.875,1597.005,4142.954999999999,624.9150000000001,9767.19,4837.304999999999,2453.37,2731.11,2059.905,1759.02,2083.05,416.61,694.35,1110.96,509.19000000000005,856.365,20899.935,5878.83,36.1062,21.98775,243.0225,118.03949999999999,67.1205,32.403,0.0,7010.99082,109.313835,54.99252,110.58681,57.67734,6.89721,15.136830000000002,17.08101,0.995235,21.501705,7.49898,24.325395,23145.0,20568333.5535,6.178571428571429
81.0,19878.282000000003,9063.278,4112.7480000000005,10167.627,9520.25,5179.016,4683.963000000001,19840.201,2741.8320000000003,9253.683,1523.24,15308.562000000002,8872.873,4645.882,5255.178000000001,3579.614,3122.6419999999994,3503.4519999999993,685.4580000000001,990.1060000000001,2208.698,913.944,1370.9160000000002,34501.386,11690.867,36.93857,27.037509999999997,319.8804,190.405,64.7377,60.92960000000001,7.197308999999999,11452.022968,127.19054,97.94433199999999,190.48116199999998,108.37852600000001,2.970318,39.489997,24.524164000000003,1.6755640000000003,15.003913999999998,4.988611,43.03153,38081.0,37888713.9238,7.299270072992701
82.0,58732.721,24782.172999999995,11996.529999999999,33204.598,26837.936,14617.425,65850.712,20259.871,18208.384000000002,4848.733,2171.388,41555.708,29402.949,27525.011000000002,26437.704,33150.354999999996,15535.691,12530.287999999999,2358.267,5354.188,7185.185999999999,2536.637,4191.6900000000005,94036.025,48306.493,161.72593999999998,94.81834,1896.4642,999.5808999999999,443.73990000000003,479.0422,69.52797100000001,57275.00185700001,1273.7429789999999,1144.6839530000002,776.7333050000001,317.81493600000005,31.698879,79.709311,105.880584,5.3663300000000005,160.979806,40.030724,200.89299499999998,111309.0,62043297.929900005,6.948871695680206
83.0,25990.158000000003,4228.746,6081.792,20763.618000000002,10072.967999999999,6414.39,5464.11,30218.904,2375.7,7649.754,1758.0180000000003,11545.902,4561.344,2138.13,5939.25,1900.56,2613.27,3040.896,332.59799999999996,855.252,1900.56,665.1959999999999,1330.3919999999998,44805.702000000005,4228.746,269.87951999999996,65.09418,959.7828,655.6932,171.0504,190.056,35.065332,24454.98066,1049.299176,1087.3103760000001,1601.69694,99.20923200000001,18.720516,25.277448000000003,97.593756,1.9955880000000001,86.522994,21.476328000000002,55.35381,47514.0,14485874.8416,5.435483870967742
84.0,15007.473,5772.105,2469.924,6684.902999999999,7678.242000000001,4241.826,1181.268,322.164,24323.381999999998,295.317,724.8690000000001,9664.92,1234.962,3382.722,1476.585,3892.815,2174.607,2738.394,402.705,885.9509999999999,1718.208,644.328,1154.4209999999998,23947.523999999998,5423.094,27.115470000000002,16.1082,491.30010000000004,193.2984,131.55030000000002,115.4421,12.376467,10484.988462,111.65667299999998,111.334509,191.123793,127.469556,5.9868809999999995,9.047439,8.242029,0.9933390000000001,42.49880100000001,4.993542,23.464278000000004,26847.0,39784921.9647,6.957661290322581
85.0,9693.111,4083.2459999999996,2243.946,5904.153,4506.285,1636.977,7191.6630000000005,3053.2380000000003,4359.141,3237.1680000000006,533.3969999999999,6989.34,5297.184,5223.611999999999,6253.62,6143.262,2869.308,2004.8370000000002,331.074,827.685,956.436,441.43199999999996,864.471,15045.473999999998,10116.15,68.0541,34.02705,605.1297,274.0557,123.23310000000001,176.5728,15.302976000000001,12654.990969,284.116671,200.46530700000002,150.840993,79.715262,6.511121999999999,11.146158,28.122897000000002,2.335911,41.494608,5.002896,40.740495,18393.0,23317033.1868,6.685446009389671
86.0,14267.76,8176.524,3292.56,7957.02,5734.5419999999995,2277.3540000000003,20441.31,356.694,6200.988,274.38,164.628,8752.722,9877.68,11990.406,10563.63,14706.768,3484.6259999999997,4060.824,768.2639999999999,2496.8579999999997,2249.9159999999997,740.826,1509.09,22910.73,16490.238,63.1074,43.077659999999995,930.1482,491.14019999999994,224.99159999999998,331.9998,36.657168,21471.991031999998,633.515982,700.739082,311.860308,81.161604,7.929582,22.855854,43.379478,2.990742,69.00657,23.486928,67.90905,27438.0,10732451.8186,7.310344827586207
87.0,40485.735,12272.94,6735.15,22450.5,20504.79,12871.62,29410.155,16837.875,7034.49,19008.09,2469.555,23647.86,23124.015,23124.015,21103.47,26566.425,8381.52,13619.97,3068.235,5762.295,9055.035,3741.75,5762.295,67351.5,35396.955,166.88205,56.8746,1317.096,666.0315,239.472,449.01,45.275175,40140.970155,860.75217,928.55268,786.36618,191.87694,27.913455,117.04194,81.57015,11.300085,157.976685,36.51948,144.43155,74835.0,23297284.2537,5.838028169014085
88.0,77207.10999999999,31694.152000000002,11966.671,37903.489,41218.320999999996,24913.826,10853.336,105927.65299999999,5113.387000000001,23788.991,1949.6329999999998,68427.789,46411.353,20639.67,24055.242,25039.242000000002,13702.047,17716.618000000002,4404.991,7026.867,12547.328000000001,6471.031999999999,9443.586,135780.648,54182.391,272.97024,139.03285,2201.9534,1270.1224,459.1426,285.4997,36.370157,41792.034323,739.4903019999999,543.8995809999999,671.864594,416.963511,14.617783000000001,148.40574900000001,171.03767299999998,8.347845,37.484639,9.03459,218.32180400000001,147633.0,120712628.572,7.410863167908335
89.0,26842.284000000003,10747.197999999999,5296.466000000001,16455.04,13678.252000000002,5245.043999999999,39080.72,7096.236000000001,3650.9619999999995,771.33,771.33,24682.56,20517.377999999997,15323.756000000001,13832.517999999998,19231.827999999998,8484.63,5553.576000000001,1131.284,2211.1459999999997,3033.8980000000006,1594.082,2468.256,42628.83800000001,21031.597999999998,104.90087999999999,61.19218000000001,848.463,452.51360000000005,185.1192,200.54579999999999,21.751505999999996,22467.968726000003,495.60523599999993,377.33463599999993,301.024388,144.855774,12.34128,17.329214,35.069804000000005,1.6455040000000003,96.51909399999998,20.980175999999997,55.124384000000006,51422.0,17732688.7312,7.713286713286713
90.0,22678.986,12815.042,4770.268,11440.558,7802.218000000001,3597.914,26074.77,808.52,12734.19,242.55599999999998,565.9639999999999,12208.652,13057.597999999998,16776.79,16493.807999999997,22678.986,6508.586000000001,6225.604,1253.2060000000001,2708.542,4002.1740000000004,1253.2060000000001,2061.7259999999997,33917.414000000004,24659.86,76.8094,63.87308,1200.6522,634.6881999999999,258.7264,553.8362,74.7881,37675.980923999996,933.3554880000002,1225.91845,500.27175,174.43819,15.846992000000002,43.86221,81.983928,1.6574659999999997,130.495128,33.998265999999994,113.43535600000001,40426.0,17271780.9596,7.119047619047619
91.0,19924.218,6984.927000000001,2633.6610000000005,10496.475,10839.996,7290.279,6488.73,28283.229,267.183,2824.5060000000003,267.183,12443.094000000001,6641.406,5687.181,3435.21,1870.281,3015.3510000000006,3473.3789999999995,458.02799999999996,1068.732,2175.6330000000003,801.5490000000001,1641.2669999999998,34619.283,7175.772000000001,56.871809999999996,30.153510000000004,324.4365,217.56330000000003,45.8028,57.2535,5.381829000000001,9247.96701,205.921755,119.92699799999998,128.209671,105.27010200000001,1.9847880000000002,11.756052,29.542806000000002,0.6488729999999999,10.000278,4.007745,50.115897000000004,38169.0,57684905.2315,7.159041394335512
92.0,41814.494,5731.360000000001,8031.677,31063.684999999998,17643.634000000002,14832.644000000002,5511.349,54492.409,2063.1620000000003,13463.58,1849.803,21528.070999999996,5568.919,2055.55,6830.746,2737.013,3691.9939999999997,5365.5380000000005,850.3330000000001,1736.583,2942.983,1144.321,1713.7469999999998,73580.558,6256.811000000001,1448.0221199999999,340.00374999999997,5660.3949,3971.1847,714.4021,158.62630000000001,11.811689000000001,16838.962012,517.348594,395.38695599999994,382.540772,157.116195,26.292174,41.228729,61.255520000000004,3.031224,158.995894,43.507975,71.874045,77303.0,47580697.8084,6.715907901622188
93.0,37162.658,19629.501,7584.901000000001,17544.654000000002,17532.421000000002,10338.146999999999,5671.223,57189.224,2371.2650000000003,6392.877,1017.2679999999999,26295.827,20575.672,10100.018,16225.241,15636.771,6531.669999999999,7839.585999999999,1538.1350000000002,2842.464,5376.988,2631.652,4061.1620000000003,65363.424,27899.357,61.03608,35.849039999999995,774.3194000000001,424.6772000000001,197.41069999999996,141.2954,10.346243,19617.985047000002,354.17789300000004,265.148256,387.428199,171.41270300000002,5.8712740000000005,67.73598299999999,71.53583599999999,3.002872,11.974332,8.508078,88.171661,72662.0,53581669.59200001,7.844573917137477
94.0,24821.148,11689.029000000002,4088.755,12025.75,13132.119,7167.347000000001,4377.373,33768.306000000004,5916.669,3222.9010000000003,817.7509999999999,13228.325,6638.214,4329.27,3703.9310000000005,3703.9310000000005,4665.991,3848.24,577.236,1298.781,2453.2529999999997,1106.369,1827.914,44783.893,8802.849,56.761540000000004,32.22901,659.0110999999999,428.11670000000004,105.8266,67.3442,8.995261,11396.995687,226.998057,147.291386,162.732449,136.275799,2.020326,11.833338000000001,30.737816999999996,0.673442,12.50678,3.9925490000000003,59.695823,48103.0,69463730.921,7.094949494949495
95.0,30552.95,6543.1,14527.9,16856.8,11256.35,6265.85,12254.45,26449.65,6376.75,8428.4,1940.75,16690.45,6931.25,6487.65,13418.9,5545.0,4047.85,5156.85,887.2,1885.3,3382.45,1441.7,1940.75,51346.7,9759.2,99.81,31.052,831.75,510.13999999999993,171.895,194.075,14.3061,20328.968100000002,509.97365,445.87345,378.8344,147.77425,18.24305,39.64675,51.9012,2.6616,115.50235,31.99465,65.48645,55450.0,20155869.188,7.241379310344827
96.0,21423.078,12008.094000000001,4587.81,11050.638,8976.15,3151.626,24335.34,518.6220000000001,14162.37,199.47,678.198,12766.08,11928.305999999999,14920.355999999998,14441.628,19867.212,6303.252,5505.372,1156.926,2513.3219999999997,3031.9439999999995,1037.2440000000001,1914.9119999999998,34229.051999999996,23936.4,57.04842000000001,57.04842000000001,969.4242,470.74920000000003,267.2898,550.5372000000001,60.279833999999994,31482.030947999996,862.9471139999999,1150.34349,633.197568,159.935046,18.15177,55.093613999999995,81.224184,1.9947,123.99055200000001,34.50831,108.11274,39894.0,16891753.4755,7.054054054054054
97.0,28551.188,16999.944,7028.823,15474.307999999997,10461.503999999999,4576.908,39176.153000000006,708.331,13785.211000000001,435.8960000000001,381.40899999999993,14983.925,19669.807,23374.923,25281.967999999997,29422.98,8064.076000000001,9644.198999999999,2016.0190000000002,4413.446999999999,5939.0830000000005,2179.48,3650.6290000000004,44352.418000000005,34490.27099999999,128.04445,83.90998,1852.558,839.0998000000001,283.3324,757.3693000000001,107.557338,50899.03105,1410.66843,1386.0947930000002,547.4308890000001,212.71724799999998,22.775565999999998,39.339614000000005,123.30408100000001,4.35896,158.502683,33.019122,159.21101399999998,54487.0,41898533.0715,6.329004329004329
98.0,27771.476000000002,14945.718,6571.876,14945.718,12931.756,3603.9320000000002,36728.307,847.984,13938.737,635.9879999999999,847.984,23849.55,19715.628,18814.645,20563.612,25757.514,9539.82,7472.859,1589.97,3179.94,4557.914,1695.968,2649.95,44201.166000000005,32859.38,102.81806,80.02849,1208.3772,524.6901,317.994,604.1886,72.39663399999999,40424.98725,996.91119,1178.485764,529.142016,221.21782599999997,34.608346999999995,82.996434,76.000566,5.352899,138.486387,28.990453000000002,116.70379799999999,52999.0,14716710.519,6.784037558685446
100.0,10435.11,4399.115,1616.4189999999999,5238.0160000000005,6363.371,2864.54,2414.398,16225.573,245.532,1493.6529999999998,81.84400000000001,4685.5689999999995,2516.703,1739.185,1309.5040000000001,1718.724,1514.114,2312.0930000000003,184.149,797.9789999999999,1411.809,450.14200000000005,859.362,19212.879,4603.725,57.08619,25.98547,257.8086,104.35109999999999,83.89009999999999,65.4752,9.759897,7581.987238000001,143.145156,127.287881,145.580015,62.61066,0.982128,10.803408000000001,12.706281,0.327376,6.997662000000001,0.0,34.824622,20461.0,55429450.8737,6.946551724137931
101.0,16617.216,6199.984,2706.592,7049.727999999999,9913.68,5633.487999999999,3398.9760000000006,22565.424,566.496,4626.384,283.248,8560.384,4217.248,3745.1679999999997,2234.5119999999997,2328.9280000000003,1699.4880000000003,3336.032,346.19200000000006,1195.936,2297.456,1132.992,1542.1280000000002,28891.296000000002,6231.456,31.15728,17.93904,330.456,188.832,47.208,50.3552,7.39592,9405.029536,134.196608,108.60987200000001,130.073776,120.789536,1.007104,7.930944,20.92888,2.3289280000000003,5.004048,0.0,41.322736000000006,31472.0,184881509.226,7.3495736906211935
102.0,14804.351999999999,5180.16,3298.9439999999995,6025.344,6870.527999999999,5943.552000000001,5371.007999999999,17558.016,1799.424,2181.12,381.69599999999997,5834.496,2562.8160000000003,2181.12,2317.44,1663.104,2044.8,2889.9839999999995,518.016,954.24,1526.7839999999999,572.544,1199.616,25819.008,3544.32,25.08288,10.9056,231.744,152.67839999999998,40.896,19.084799999999998,3.926016,6995.9969280000005,132.09408,82.909824,233.052672,81.955584,5.86176,8.288256,11.287295999999998,1.008768,7.006848,0.0,45.55814399999999,27264.0,49048279.356,5.953020134228188
103.0,22406.944,11705.12,4640.244,13084.652,8444.408,3929.5760000000005,24079.104,4682.048,7273.896,4765.656,961.492,17724.895999999997,14296.968,11579.708,12290.375999999998,15801.912,5977.972000000001,5518.128,1003.2959999999999,2173.808,2968.084,1086.904,1797.572,35366.184,21947.1,56.85344,43.05812,961.492,501.648,234.1024,209.02,42.305648,33890.001152000004,791.6005439999999,756.6105960000001,425.23028800000003,130.135852,11.872335999999999,29.513624,54.3452,4.013184,85.48918,28.510328,97.31971200000001,41804.0,15724928.4651,6.918367346938775
104.0,11656.56,5439.728,2194.176,6536.816,6056.84,2628.44,9073.832,5828.28,1394.2160000000001,5416.871999999999,1165.656,9416.672,4959.752,4868.3279999999995,3679.8160000000003,4342.64,2537.016,2582.728,617.1120000000001,799.96,1394.2160000000001,525.688,1005.6640000000001,19907.575999999997,7771.04,37.026720000000005,28.11288,477.69039999999995,281.1288,89.13839999999999,84.5672,6.079696,8358.004936,138.027384,98.075096,86.69280800000001,56.66002400000001,1.02852,11.793696,19.244752,2.0113280000000002,12.502232,0.0,29.36996,22856.0,25028981.7743,7.096866096866097
105.0,18716.752,9837.348,3758.0879999999997,11163.732,8732.027999999998,3315.96,24390.728000000003,847.4119999999999,9063.624,1621.136,921.1,13963.875999999998,11716.392,14111.252,12821.712,15474.48,5231.848,4531.812,1105.32,1879.0439999999999,2615.924,994.788,1879.0439999999999,28885.696,17979.872,46.055,40.159960000000005,781.0927999999999,390.54639999999995,232.11719999999997,313.174,38.612511999999995,23175.98132,545.622796,584.751124,286.13050400000003,100.03146,15.069195999999998,33.306976,40.970528,3.31596,71.993176,17.5009,70.703636,36844.0,15084986.1416,5.643243243243243
106.0,31555.820999999996,15091.240000000002,5391.933999999999,18810.794,14013.997,7190.124,28538.787,18415.15,6651.726000000001,5982.388000000001,939.9490000000001,20079.764,14642.833999999999,14238.2,12706.385000000002,13821.564,7579.414,6689.403,1451.966,2573.499,4051.1399999999994,1659.225,2446.089,51650.41100000001,21277.098,111.75276,74.16186,1034.2969,561.3313,248.5884,209.28049999999996,32.199413,31269.009682000004,712.0539279999999,636.1611320000001,626.080156,163.944276,7.899257,36.702748,67.197376,2.6776110000000006,59.506271999999996,15.503381000000001,99.986278,60528.0,59334955.216800004,6.825315746368378
107.0,9787.561,4749.563,1903.671,5557.181,4922.624,2095.9610000000002,6018.677000000001,8306.928,3345.8459999999995,1019.137,557.641,4557.273,2692.06,2653.6020000000003,4461.128,4115.005999999999,1230.656,1980.5870000000002,288.435,749.9309999999999,1019.137,365.351,673.015,16902.291,6191.738,49.03395,28.074339999999996,407.65479999999997,149.9862,92.2992,130.75719999999998,18.632901,9350.005105,176.560678,170.791978,156.92786900000002,54.841108,8.787653,6.095592999999999,14.402521,1.3268010000000001,18.498298000000002,0.0,44.861257,19229.0,36422143.4148,6.199551569506727
108.0,14282.235,6145.689,2827.594,6895.866999999999,8511.635,4443.362,1817.739,25823.435,144.265,865.59,201.97099999999998,4097.126,1904.2979999999998,2567.917,2019.71,1096.414,1615.7679999999998,2337.093,230.824,663.6189999999999,1442.65,519.354,923.296,27756.586,3318.095,32.89242,15.86915,181.7739,75.01780000000001,43.2795,37.508900000000004,7.299809000000001,7952.002212,141.870201,142.908909,110.189607,58.888973,1.009855,8.569341,20.168247,0.0,6.491925,0.0,40.884701,28853.0,141057788.296,6.902723735408561
109.0,10316.28,2811.692,1233.908,9770.124,4429.932,1982.3440000000003,2123.94,10336.508,5360.42,1577.7839999999999,809.12,4935.632,1395.7320000000002,1436.1879999999999,2002.5720000000001,1415.96,1294.592,1112.54,141.59599999999998,283.19199999999995,647.296,141.59599999999998,262.964,18387.252,2872.3759999999997,95.0716,26.09412,325.67080000000004,208.34840000000003,68.7752,62.7068,5.502015999999999,5434.009464,177.05568399999999,128.71076399999998,102.313224,60.74468400000001,4.85472,5.845891999999999,10.498332,1.3350479999999998,27.995552000000004,6.493188000000001,23.120604,20228.0,10230580.6116,7.207792207792208
110.0,38750.42,15332.9,6899.805,21047.89,16935.885,9548.215,6690.72,8154.315,51713.69,1533.29,1602.985,31641.53,7527.06,12684.49,16308.63,16935.885,10523.945,6272.55,1463.595,2090.85,3902.92,1602.985,2439.325,59171.055,23069.045,112.9059,73.8767,1707.5275,857.2485,390.292,501.804,63.352755,38622.04181,881.572055,829.858365,902.480555,283.867735,29.13251,41.886695,60.35587,6.342245,192.49759,53.52576,132.908365,69695.0,31638973.312,7.515837104072398
111.0,29713.42,11567.82,5670.5,15820.695,16387.745,7258.24,9980.080000000002,3515.71,27955.565,9639.85,5670.5,28976.255,9866.669999999998,9696.555,6124.14,8222.225,7371.65,5443.68,1077.395,1927.97,3232.185,1247.5100000000002,2098.085,48766.3,15423.76,60.1073,44.79695,856.2455,408.276,141.7625,215.479,28.01227,20594.008490000004,316.24378500000006,192.853705,311.65068,225.175555,14.51648,31.86821,27.33181,5.33027,56.47818,11.00077,62.60232,56705.0,69533432.5494,6.78609062170706
112.0,16650.387000000002,9228.321000000002,3448.305,8965.593,7914.6810000000005,3284.1,10344.915,8243.091,11625.714,1247.9579999999999,1346.4809999999998,7290.701999999999,3908.079,5385.923999999999,9096.957,9359.685,3251.259,3645.3509999999997,722.5020000000001,1477.845,2068.9829999999997,755.3429999999998,1445.0040000000001,29162.807999999997,13661.856000000002,70.93656000000001,56.15811000000001,732.3543000000001,338.26230000000004,213.4665,331.6941,50.772186,22659.994431000003,511.00596,452.22057,452.54898,135.92889899999997,12.676626,15.960726000000001,35.960895,2.331711,50.50945800000001,6.502518,87.81683399999999,32841.0,56030444.5951,7.330097087378641
113.0,21161.175,7295.567000000001,2136.271,17332.01,9512.452000000001,4030.7,8424.162999999999,24305.121,4151.621,2216.885,1209.21,6771.576,3708.2439999999997,4756.226000000001,6086.357,5481.7519999999995,3305.1739999999995,4272.542,886.7540000000001,1733.201,2740.8759999999997,886.7540000000001,1571.973,36719.676999999996,7376.181,191.05518,45.94998,818.2321,463.5305,177.35080000000002,137.04379999999998,14.470213000000001,13094.978467,401.659255,313.10477599999996,157.156993,123.863411,3.950086,10.88289,36.397221,1.330131,45.990287,9.512452000000001,56.711949,40307.0,44601379.3981,6.610648918469218
114.0,14172.15,4026.48,1350.99,8158.92,8052.96,4874.16,4768.2,12105.93,503.31,8238.39,874.17,15549.63,9456.93,2675.49,2675.49,3019.86,2039.73,3152.31,715.23,980.13,1986.75,980.13,1483.44,22913.85,8317.86,52.98,28.8741,294.039,182.781,71.523,29.139000000000003,8.60925,6816.00945,94.75473,48.07935,125.58909,67.12566,2.83443,36.13236,23.41716,2.67549,11.49666,5.006609999999999,25.11252,26490.0,19941713.2075,6.1753554502369665
115.0,32664.99,14987.465999999999,7173.487999999999,19150.650999999998,16972.985,5764.41,22417.15,7109.439,5444.165,19727.092,9287.105,36443.881,15563.907,16844.887,10375.938,11720.966999999999,6532.998,5892.507999999999,1665.274,2113.6169999999997,3330.548,1409.0780000000002,2369.813,52263.984,27541.07,131.94094,80.70174,1120.8575,589.2507999999999,281.8156,269.00579999999997,31.768304,29568.989437999997,557.162251,228.142538,359.31489,209.760475,10.24784,34.458361999999994,54.633797,6.981341,46.499573999999996,6.468949,84.54468,64049.0,50978395.7598,6.956081081081081
116.0,11715.225,4444.450000000001,1596.55,5005.4,5976.275,4530.75,2718.45,17303.15,647.25,582.5250000000001,302.04999999999995,3581.4500000000007,1812.3,2028.05,1186.625,1682.85,1639.7,2567.425,345.2,819.85,1402.375,582.5250000000001,1057.1750000000002,20517.824999999997,3430.425,9.0615,7.98275,153.1825,58.252500000000005,36.6775,47.46500000000001,9.751900000000001,6956.9882,167.11995,148.65175,139.24505,62.459625,0.9924499999999998,1.8770249999999997,17.324725,0.0,3.49515,0.0,34.973075,21575.0,55961883.8654,7.660162601626016
117.0,35468.17,16504.99,7374.57,22896.284,16785.926,6601.996,34063.49,28374.536,1404.68,5478.2519999999995,913.0419999999999,31394.598,20719.03,16153.82,14117.034000000001,8006.6759999999995,5688.954000000001,4214.04,561.8720000000001,1545.1480000000001,2458.19,913.0419999999999,1615.3819999999998,55484.86,24230.73,202.27392,124.31418000000001,1165.8844000000001,632.106,287.95939999999996,217.7254,19.033414,29455.015855999998,525.8419580000001,317.668382,288.521272,222.782248,14.959842,44.809292,59.628666,4.986613999999999,50.006608,11.026738,95.44800599999999,70234.0,50495176.2624,7.357274401473297
118.0,19417.136000000002,10433.088,3586.3740000000003,9092.726,8947.822,4129.764,9092.726,6375.776000000001,18004.322,1485.2659999999998,1267.91,9708.568000000001,4854.284000000001,9237.63,9418.76,12063.257999999998,5325.222,6049.741999999999,2209.7859999999996,2209.7859999999996,3151.6619999999994,1376.588,1738.848,32023.784000000003,17497.158,28.9808,19.9243,1021.5731999999999,318.78880000000004,253.582,362.26,40.57312,21335.012892,349.073736,273.25271799999996,515.785788,125.95780199999999,15.722083999999999,17.171124,36.76939,0.652068,69.01053,8.51311,108.64177399999998,36226.0,61894959.3738,6.564971751412429
119.0,15140.829000000002,6693.272000000001,2806.856,7260.041,7583.909000000001,2617.933,1889.23,1457.406,22373.881,944.615,350.857,11038.500999999998,2051.1639999999998,3211.6910000000003,2348.0429999999997,4534.152,1781.274,1754.285,269.89,755.692,809.67,377.846,728.703,24047.199,6045.536,22.130979999999997,17.003069999999997,456.11409999999995,234.80429999999998,102.5582,116.0527,9.230238,10494.996518,61.615887,83.93579,123.60962,103.205936,1.9971860000000001,9.149271,10.012919,0.323868,27.501791,7.502942000000001,17.974674,26989.0,61569261.5146,6.11896551724138
120.0,10967.05,4841.5,1831.3499999999997,5641.4,6230.8,2504.95,1641.9,18187.2,84.2,1010.4,147.35,2420.75,1157.75,1789.25,2673.35,1494.55,1284.05,1494.55,273.65,315.75,715.7,252.6,568.35,20250.1,2673.35,14.9455,6.1045,147.35,61.045,29.469999999999995,29.469999999999995,4.631,6225.01125,100.4506,121.8795,84.30525,45.2154,1.0104,4.631,16.6716,0.0,0.0,0.0,26.12305,21050.0,64963357.5658,6.891304347826087
121.0,15520.599000000002,6576.525,3565.938,6196.547999999999,7278.021,5641.197000000001,7278.021,9353.28,8710.242,3390.564,526.1220000000001,10054.776,9440.966999999999,8359.494,10843.959,14351.439000000002,5845.8,6459.609,1461.45,3244.419,4208.976000000001,2455.236,3565.938,26627.619,19524.971999999998,69.85731,30.982739999999996,941.1738,453.0495,198.75719999999998,260.1381,29.141313000000004,21333.019482,486.19518600000004,539.216592,489.96572699999996,143.982054,9.64557,24.084696,50.069277,1.344534,52.992177000000005,6.488837999999999,95.988036,29229.0,38782030.9179,4.562913907284768
122.0,18963.557999999997,10128.684,4251.09,10276.548,8354.316,3992.3280000000004,22992.852000000003,776.2860000000001,8871.84,2624.586,1700.4359999999997,15710.55,12827.202000000001,15229.992000000002,13122.93,15414.822000000002,4990.41,3696.6,628.422,1293.81,2439.756,924.15,1478.64,29166.174000000003,19887.708,75.04098,49.9041,957.4193999999999,539.7035999999999,232.8858,317.9076,46.909854,23758.011234,486.84222,570.20055,196.437324,107.42319600000002,14.97123,32.53008,38.925197999999995,3.659634,62.509505999999995,13.49259,78.589716,36966.0,16253358.4957,6.942028985507246
123.0,42892.29,18239.634,9328.032,23653.224,23236.793999999998,8745.03,17323.488,4913.874,19072.494,19988.64,22070.79,47056.59,9411.318000000001,21154.644,11743.326,14908.194,9661.176,7662.312,1665.72,2831.7239999999997,4747.302,1915.578,3248.1539999999995,67878.09,29399.958,130.75902,69.96024,1582.434,874.503,308.1582,341.4726,30.066246,32329.95948,679.9469039999999,248.525424,370.6227,287.086842,13.075902,32.148396,52.220322,3.997728,39.97728,12.4929,106.522794,83286.0,82461393.409,6.622174381054898
124.0,27820.347999999998,11461.668,5184.139999999999,13013.008000000002,12730.36,6166.8240000000005,4696.552,688.472,41482.868,842.828,769.328,15031.683999999997,2717.804,7143.968000000001,6073.284,7558.48,5982.408,5868.132,1069.5639999999999,1956.0440000000003,3519.8559999999998,1154.204,2135.344,43725.344,12579.576000000001,35.93356,33.926840000000006,1064.8688000000002,460.5252,263.6948,287.104,19.971227999999996,22243.987871999998,198.49901999999997,208.010152,259.190596,202.713188,13.86964,20.122647999999998,32.064608,2.3369240000000002,75.50318800000001,11.486612000000001,74.79034800000001,48556.0,71716927.4522,6.326294202416584
125.0,29426.959000000003,12211.919,5487.293999999999,13933.422999999999,15224.551000000001,6886.0160000000005,3765.79,537.97,47395.15699999999,914.549,1183.534,19259.325999999997,3012.6319999999996,6778.422,5003.121,8930.302000000001,7316.392,5379.7,1237.331,1721.5040000000001,3227.82,1506.3159999999998,1990.4890000000003,47018.57800000001,13287.858999999999,53.797,45.18948,1183.534,424.9963,317.4023,360.4399,36.958539,24034.993283999996,304.27583200000004,283.779175,378.19291,200.23243399999998,12.050527999999998,25.499778,34.645268,1.344925,108.99272199999999,11.512557999999999,79.565763,53797.0,77412747.3882,7.210352422907489
126.0,13244.807999999997,6223.463999999999,2712.7919999999995,7819.223999999999,6622.403999999999,3191.52,8085.183999999999,10079.883999999998,5133.028,2659.6,664.9,8430.931999999999,5877.716000000001,5159.624,5266.008000000001,6409.636000000001,2021.2959999999998,2739.3880000000004,398.94,930.86,1569.1640000000002,664.9,1276.608,22606.6,11329.896,77.1284,52.92603999999999,523.9412,250.00240000000002,167.5548,210.10840000000002,30.31944,15454.00474,355.48213599999997,337.981968,263.51316799999995,110.74574399999999,5.9309080000000005,13.43098,31.276895999999997,0.6649,35.000336,8.51072,73.05921199999999,26596.0,46432646.4723,7.687074829931973
127.0,12534.336000000001,2002.0119999999997,3372.955,7398.74,5157.357,3851.697,1719.119,15798.485999999999,739.8739999999999,2959.4959999999996,522.264,4199.873,1044.528,522.264,2415.471,348.176,1001.0059999999999,1871.4460000000001,174.088,456.981,1088.05,369.93699999999995,718.113,20281.252,892.2009999999999,6.09308,3.04654,82.6918,67.4591,6.5283,10.8805,0.0,3895.00139,105.75846,67.089163,84.8679,38.799863,6.09308,6.593583000000001,10.771695,0.326415,35.992694,8.008047999999999,20.607667,21761.0,5582283.10206,1.5925925925925926
128.0,45964.191999999995,15130.8,7110.48,36886.256,21915.664,9410.256,28666.272000000004,39339.536,1608.7359999999999,19230.176,1699.2800000000002,43575.407999999996,28171.824,14599.024000000001,12271.872,7111.248,6550.5599999999995,6774.528,1230.288,2066.624,3626.928,1634.96,2492.352,72210.464,25857.104,365.78832,151.00176,1435.9551999999999,780.344,319.0096,181.6048,19.77592,27535.026319999997,676.771248,350.637248,375.69788800000003,259.90081599999996,20.94936,74.79831999999999,72.340464,10.691279999999999,83.02545599999999,31.00896,115.73262399999999,90544.0,138054976.3521,6.309380378657487
129.0,62264.56399999999,31600.692000000003,13799.33,45913.974,27648.372000000003,10025.21,60567.494000000006,18273.98,2878.6339999999996,45259.18800000001,1951.8600000000001,67801.148,69189.34400000001,60405.974,40997.994000000006,41360.547999999995,13759.663999999999,10968.74,2419.4359999999997,4403.696,6089.09,2322.7920000000004,4790.8279999999995,100010.21200000001,85563.362,353.94386,139.26706000000001,1891.1934,1018.6098,425.00739999999996,440.31399999999996,50.417688,45773.969032,1089.008674,573.9972919999999,673.5623439999999,434.151024,16.681894,1006.9597960000001,115.45649600000002,23.67481,79.01296400000001,23.505026,160.30059999999997,129044.0,77161134.5238,6.839140009910257
130.0,25345.854,10799.108999999999,5670.765,13116.726,12327.75,7495.272,20464.065,21351.662999999997,4339.368,1824.507,1380.7079999999999,8087.003999999999,5769.387,8875.98,7889.76,7692.516,4881.789000000001,6015.941999999999,986.22,2021.7509999999997,3747.636,1282.086,2218.995,44379.9,10404.621000000001,84.81492,41.91435,493.11,266.2794,123.2775,118.34639999999999,24.408945,17133.008328000004,401.98327200000006,342.464895,225.992313,117.21224699999999,6.213185999999999,16.962984,32.397327000000004,1.3313970000000002,33.482169000000006,8.481492,82.300059,49311.0,88439963.7834,5.497093023255814
131.0,23430.852,13646.058,5440.872,12022.572,8863.356,3861.264,30495.21,702.048,11803.181999999999,438.78,438.78,13470.545999999998,11890.938,17946.102,19876.734,24308.411999999997,10223.574,6186.797999999999,965.316,2544.924,3817.386,1755.12,2457.1679999999997,37164.666,27379.871999999996,71.95992,68.88846,1224.1961999999999,671.3334,285.207,513.3725999999999,79.726326,36661.999632,1112.3073,1317.919608,690.464208,230.842158,25.624751999999997,46.115778,71.30175,3.992898,112.503192,38.481006,138.65448,43878.0,19255162.9005,6.954545454545454
132.0,21083.082000000002,6017.726,4250.282,17337.784,9636.777999999998,4839.43,2651.1659999999997,27732.038000000004,925.8040000000001,8837.22,1977.854,11067.566,4418.61,3871.544,4208.2,3114.0679999999998,2104.1,2609.084,420.82,799.558,1641.1979999999999,589.1479999999999,1009.9680000000001,39557.08,6438.545999999999,510.87548,106.88828000000001,1510.7438,955.2614,252.492,58.91479999999999,4.671102,6330.016522000001,184.10875,138.071042,115.641336,59.84060399999999,8.879302000000001,73.01227,36.61134,3.6611339999999997,64.511706,14.981192,35.13847,42082.0,25032687.9533,6.95906432748538
133.0,14702.752,7127.76,3298.3360000000002,8357.648,6512.816,2627.488,17386.144,1341.6960000000001,4388.464,3913.28,922.4159999999999,9280.064,7155.712,7714.752,6373.056,8134.032000000001,4556.176,2934.96,698.8,1118.08,1565.312,503.13599999999997,866.512,23954.863999999998,12494.544000000002,53.1088,39.1328,533.8832000000001,310.2672,145.3504,131.37439999999998,21.830512,16533.999327999998,326.19984,262.553136,153.14900799999998,71.193744,5.003408,14.982272,23.256064,2.012544,37.008448,16.994816,52.242287999999995,27952.0,23945209.7952,5.4640522875816995
134.0,28814.058000000005,14195.937,6860.49,14881.985999999999,12876.612,3905.202,34513.542,686.0490000000001,15831.9,897.141,897.141,20106.513,17573.409,16781.814000000002,21900.795,27230.868000000002,10343.508,8390.907000000001,1899.8280000000002,3799.6560000000004,4960.662,1635.9630000000002,2585.877,43379.406,34249.677,64.91079,52.24527,949.914,459.1251,258.5877,554.1165,72.14069099999999,39275.988612,968.437323,1270.8793859999998,688.8987420000001,229.14036599999997,26.122635,52.24527,88.500321,5.013435,148.978179,28.49742,117.050514,52773.0,21255545.0765,5.163865546218488
135.0,124485.723,31248.176,11048.419000000002,83441.533,51961.33899999999,41623.773,17154.066,171201.99000000002,6260.066,19960.449,4804.277,49494.776000000005,13107.023000000001,7281.14,15828.974000000002,8167.025,10381.943000000001,15798.251,2834.004,4767.644,9705.126,3747.456,5249.9529999999995,208646.46800000002,11820.949,714.11279,176.99369000000002,2396.373,1688.2026,350.89599999999996,171.8423,35.905846,45347.850086,1294.925104,812.538459,929.697133,377.814131,31.447012,68.974581,131.641151,7.302974000000001,151.551446,49.059017999999995,207.37445000000002,219382.0,55176043.899000004,5.935468605395392
136.0,105655.33,30229.96,9290.172,69152.76199999999,53327.366,34274.432,27819.010000000002,134459.372,12507.636,16364.998,5123.676,43957.392,15560.063999999998,10849.324,19540.239999999998,12122.206,12288.378,17797.484,3450.648,4944.714,10162.908,3612.178,6063.424,183555.946,20721.32,460.65430000000003,116.91838,2511.0926,1652.9244,355.25239999999997,419.40020000000004,53.507118000000006,50838.034272,1150.39753,998.4397339999999,1035.161116,414.114008,32.806736,69.64471,127.993086,4.295878,262.998282,74.05332800000001,188.108316,196394.0,50185528.9193,6.858178286648947
137.0,23460.98,9959.85,4426.6,12571.544,11641.958,5666.048000000001,7967.88,7215.358,26603.866,1505.0439999999999,929.586,18680.252,3142.886,7259.623999999999,6861.23,7613.7519999999995,5931.644,4470.866,796.788,1549.31,2788.758,1106.65,1770.64,38157.292,12394.48,57.988459999999996,39.8394,796.788,402.82059999999996,252.3162,190.3438,25.630014,23456.99606,388.87681,387.99149,257.539588,146.431928,10.092648,24.390566,29.481155999999995,2.65596,81.493706,17.48507,67.992576,44266.0,39738785.9872,7.012285012285012
138.0,81419.343,27985.649999999998,20280.124000000003,53946.167,40288.46400000001,20380.891,112684.24799999999,29267.981,13518.357,4593.834,2979.831,77632.799,62955.909999999996,49360.971999999994,39284.825,57590.488,22359.96,18604.51,3910.92,7651.4,11104.549,4566.771000000001,7115.894,136567.229,65237.28,278.76821,148.91093,2335.7268,1298.2274,504.0088999999999,802.3951,69.63476500000002,75149.976728,1556.021737,1286.8304070000002,1185.406162,503.12040499999995,79.562927,90.805099,128.48916,5.649299,409.51573199999996,112.972733,186.269666,162955.0,45760171.754999995,6.108601364522417
139.0,8735.301000000001,4559.937,1739.735,4706.441,5310.77,2014.43,4578.25,10182.028,2142.6209999999996,1062.154,329.634,3003.3319999999994,1739.735,2252.4990000000003,2820.202,2380.69,1721.422,1446.727,183.13,659.268,824.085,366.26,622.6419999999999,16316.882999999998,4266.929,41.936769999999996,25.08881,227.08120000000002,102.55279999999999,73.252,71.4207,14.046071000000001,8183.017545999999,338.42424,249.0568,263.652261,56.568856999999994,3.021645,7.380138999999999,14.687026000000001,0.0,6.501115,0.0,29.923442,18313.0,47137244.2248,6.936018957345971
140.0,33963.062999999995,5806.806,6819.621,29371.635,16272.561000000002,9250.377,3983.739,54421.926,1350.42,5739.285,2093.151,12288.822,2228.1929999999998,945.294,4658.9490000000005,1620.504,3578.613,4388.865,607.689,1620.504,2228.1929999999998,945.294,1620.504,64550.075999999994,2700.84,690.06462,101.95671,2261.9535,1559.7351,324.1008,67.521,7.562352,10496.004407999999,347.93571299999996,254.48664899999997,195.203211,104.319945,19.986216000000002,13.099074,34.300667999999995,1.35042,191.016909,54.0168,52.058690999999996,67521.0,24970650.3016,7.2279569892473114
141.0,15506.303999999998,6460.96,2496.28,8839.768,8311.144,3259.848,10396.271999999999,734.2,13832.328000000001,3729.736,675.4639999999999,8428.616,4346.464,5550.552,4992.56,6284.7519999999995,3905.9440000000004,3142.3759999999997,792.936,1115.984,1908.92,675.4639999999999,1204.088,26225.624,11365.416000000001,37.003679999999996,26.137520000000002,411.152,240.81759999999997,85.1672,114.5352,18.64868,16064.00232,286.39673600000003,278.40864,189.95222399999997,92.391728,10.57248,29.103688,24.287336,2.995536,45.491032000000004,19.999608,51.159056,29368.0,9184677.2474,7.681318681318682
142.0,16325.428,6261.808000000001,2459.996,7859.2080000000005,8977.388,6389.6,5175.576,20478.667999999998,159.74,5431.16,702.8560000000001,10574.788,7763.3640000000005,4344.928,2108.5679999999998,1821.036,2428.048,2971.164,575.064,830.648,1821.036,734.804,1245.972,28912.94,5622.848000000001,59.1038,21.08568,284.3372,162.9348,60.7012,38.3376,5.1436280000000005,7104.021176,77.282212,72.84144,118.39928800000001,67.793656,2.012724,19.520228,15.49478,2.012724,5.495056,0.0,34.18436,31948.0,69058532.0054,6.603316326530612
143.0,33877.898,16288.642,7308.212,16226.708,15235.764000000001,6874.674,15359.632,1548.35,42610.592000000004,805.1419999999999,1610.2839999999999,24216.194,6255.334,13997.084,14802.225999999999,19075.672,11457.79,8237.222000000002,2105.756,3963.7760000000003,4645.05,1548.35,2848.9639999999995,53387.108,26941.29,63.17267999999999,68.74674,1294.4206,644.1136,390.18420000000003,452.1182,58.775366000000005,44567.02512599999,882.1259620000001,1021.043924,519.2546560000001,227.35971400000003,27.746432,57.970223999999995,50.909748,2.3534919999999997,204.506068,36.974598,120.64743200000001,61934.0,36273595.3423,7.22841225626741
144.0,59111.47,28341.650999999998,12066.96,46233.179000000004,20518.376,9931.844000000001,32564.055,69850.761,5356.454,7235.714,2185.005,25116.398,28949.636000000002,25808.260000000002,36496.195,34699.022,8346.917,9956.453000000001,2729.892,3934.576,5988.097,2444.509,4089.8969999999995,103406.15699999999,50649.456000000006,593.95777,140.06216,2706.8215,1567.8618999999999,591.1895,325.0547,38.255207999999996,35681.986568,835.292927,710.1493250000001,580.798937,332.77724700000005,23.100303999999998,46.987196,95.107489,4.01597,245.48803000000004,45.495101000000005,172.967175,117194.0,79592549.66229999,7.040238935891867
145.0,11655.457,4406.6,1828.7390000000003,7997.978999999999,5331.986,2467.696,3150.719,14585.846000000001,1189.7820000000002,2401.597,727.0889999999999,4935.392,2952.422,2093.135,2247.366,1652.475,1366.046,1762.64,286.42900000000003,506.75899999999996,1035.5510000000002,550.825,991.485,20578.822,3018.5209999999997,57.06547,22.91432,185.0772,103.55510000000001,44.066,28.6429,0.0,4808.988679,126.97617899999999,85.752436,54.20118,60.78904699999999,2.9524220000000003,6.455669,10.840236,0.66099,15.004472999999997,0.0,24.478662999999997,22033.0,14041668.1895,6.958579881656805
146.0,31190.501999999997,15135.666,6863.1359999999995,18383.4,15503.334,5331.186,32538.618000000002,9314.256,2941.3439999999996,14645.442,1838.34,28800.66,17402.952,14400.33,9559.367999999999,12439.434000000001,7169.526,6434.19,1838.34,2144.73,3492.8460000000005,2022.174,2696.232,51779.91,24572.478000000003,90.07866,61.278,851.7642000000001,514.7352,189.9618,226.7286,27.391266,24558.016392,346.649646,165.266766,274.15777199999997,188.24601599999997,9.252977999999999,37.563414,36.215298000000004,5.331186,47.000226000000005,15.01311,77.332836,61278.0,37000431.8718,7.578947368421052
147.0,22352.352,8473.74,4030.752,16626.852,11771.628,4855.223999999999,16489.44,10214.292000000001,595.452,17497.128,916.08,26474.711999999996,17955.168,10260.096,6778.992000000001,4901.028,3435.3,3297.888,641.256,1053.492,2061.18,595.452,1236.708,34994.256,16352.028,119.0904,55.88087999999999,627.5147999999999,348.11039999999997,137.412,91.608,11.084568,15715.993656,360.01944,120.09808799999999,201.07956,127.79316,11.725824000000001,58.995552,22.764588000000003,8.656956,32.52084,20.016348,43.605408,45804.0,28248218.4343,6.8903394255874675
