neighborhood_id,neighborhood,num_listings,price_norm,airport,art,artists,bars,beautiful,beer,bike,boardwalk,botanical,cafes,charming,chinese,churches,coffee,community,cute,diverse,family,ferry,food,friendly,galleries,garden,grocery,historic,hospitals,museum,museums,night,nightlife,parks,pier,pizza,quaint,quiet,residential,restaurants,safe,schools,seafood,shopping,shops,stadium,stores,train,views,walkability,zoo
1,Allerton,77,31.00636982,0.017857143,0,0,0,0.053571429,0,0.035714286,0,0.25,0,0.017857143,0.089285714,0,0,0.25,0,0.017857143,0.089285714,0,0.142857143,0.017857143,0,0.232142857,0.089285714,0,0.089285714,0.035714286,0,0.017857143,0,0.285714286,0,0.035714286,0,0.357142857,0.125,0.339285714,0.285714286,0,0,0.160714286,0.160714286,0.089285714,0.125,0.142857143,0,0,0.428571429
2,Arden Heights,5,28.17,0,0,0,0,0.2,0,0,0,0,0,0,0,0,0,0,0,0,0.2,0,0,0.4,0,0,0,0.2,0,0,0,0,0,0.4,0,0,0,0.2,0,0.4,0.2,0,0,0.4,0,0,0,0,0,0,0
3,Astoria,919,59.32440325,0.042372881,0.020338983,0.011864407,0.488135593,0.057627119,0.083050847,0.005084746,0,0,0.123728814,0.011864407,0.016949153,0.001694915,0.162711864,0.054237288,0.008474576,0.162711864,0.037288136,0.008474576,0.255932203,0.072881356,0.010169492,0.054237288,0.122033898,0.008474576,0,0.225423729,0.052542373,0.06440678,0.040677966,0.098305085,0,0.006779661,0,0.161016949,0.038983051,0.696610169,0.223728814,0.001694915,0.015254237,0.106779661,0.206779661,0,0.203389831,0.133898305,0.038983051,0,0.003389831
4,Bath Beach,27,40.01851852,0.052631579,0,0,0.052631579,0.052631579,0,0.157894737,0.052631579,0,0,0,0.105263158,0,0,0,0,0,0,0,0.052631579,0,0,0.052631579,0,0,0,0,0,0,0,0.052631579,0,0,0,0.157894737,0.157894737,0.368421053,0.157894737,0,0,0.052631579,0.157894737,0,0,0.052631579,0,0,0
5,Financial District,832,84.43009386,0.029801325,0.001655629,0,0.09602649,0.033112583,0.003311258,0.031456954,0,0,0.023178808,0.026490066,0.004966887,0,0.301324503,0.003311258,0.006622517,0.004966887,0.008278146,0.062913907,0.043046358,0.008278146,0.001655629,0.003311258,0.32781457,0.112582781,0,0.039735099,0.008278146,0.029801325,0.009933775,0.034768212,0.021523179,0.003311258,0.003311258,0.043046358,0.026490066,0.228476821,0.01986755,0,0,0.102649007,0.048013245,0,0.021523179,0.018211921,0.07781457,0.490066225,0
6,Bay Terrace,6,124.8166667,0,0,0,0,0,0,0.4,0,0,0,0,0,0,0,0,0,0,0,0,0,0,0,0,0,0,0,0.8,0,0,0,0.4,0,0,0,0,0,0,0.2,0,0,0.8,0.2,0.4,0,0,0,0,0
7,Bayside,41,33.48990999,0,0.037037037,0,0.222222222,0.185185185,0,0.037037037,0,0.037037037,0,0,0.074074074,0,0.037037037,0.037037037,0,0.037037037,0.037037037,0,0.037037037,0.074074074,0,0.037037037,0.148148148,0.074074074,0,0.037037037,0,0.185185185,0.111111111,0,0,0.074074074,0,0.333333333,0.074074074,0.62962963,0.333333333,0,0.037037037,0.222222222,0.074074074,0,0.185185185,0.037037037,0.111111111,0,0.074074074
8,Far Rockaway,51,37.04330065,0.193548387,0.096774194,0.032258065,0,0.193548387,0,0,0.322580645,0,0,0,0,0,0.032258065,0.096774194,0,0.096774194,0,0.096774194,0,0.032258065,0,0.032258065,0,0.032258065,0.129032258,0.064516129,0,0.032258065,0,0.096774194,0,0,0,0.032258065,0.096774194,0.161290323,0.032258065,0,0,0.225806452,0,0,0.064516129,0.129032258,0.096774194,0,0
9,Bedford-Stuyvesant,3785,42.17074422,0.004676539,0.069758379,0.055339049,0.425565082,0.148869836,0.011301637,0.020265004,0.000389712,0.022213562,0.178098207,0.018316446,0.008183944,0.01441933,0.277084957,0.133671083,0.025331255,0.119641465,0.030397506,0,0.145752143,0.090413094,0.042478566,0.025720966,0.123538581,0.196024942,0.000779423,0.046375682,0.026890101,0.051441933,0.027279813,0.065861263,0,0.054949337,0.008963367,0.091971941,0.059236165,0.558846454,0.099376461,0.003117693,0.00233827,0.060795012,0.263445051,0.001169135,0.133671083,0.164068589,0.006625097,0,0.003507405
10,Bellerose,11,44.75151515,0.222222222,0,0,0.222222222,0,0,0,0,0,0,0,0,0,0,0.111111111,0,0,0.222222222,0,0.111111111,0,0,0,0,0,0,0,0,0.111111111,0,0.111111111,0,0,0,0.666666667,0,0.222222222,0.111111111,0.111111111,0,0.111111111,0.222222222,0,0,0,0,0,0
11,Belmont,27,31.19444444,0,0,0,0.0625,0.1875,0,0,0,0.5625,0.0625,0,0,0,0.0625,0.125,0,0.0625,0,0,0.25,0.0625,0,0.5,0.0625,0,0,0,0,0.0625,0,0,0,0.0625,0,0,0,0.25,0,0,0,0.25,0.125,0.125,0.3125,0,0,0,0.5
12,Bensonhurst,80,31.70861607,0,0.06,0,0.02,0,0,0.02,0,0,0.02,0,0.16,0,0.04,0.02,0,0.1,0.02,0.02,0.16,0.06,0,0.02,0.1,0,0,0,0,0.02,0,0,0,0.08,0,0.38,0.12,0.48,0.52,0,0,0.04,0.22,0,0.14,0.18,0,0,0
13,Borough Park,132,29.38320707,0.016129032,0.016129032,0,0.048387097,0.080645161,0,0,0,0.016129032,0,0,0.177419355,0.032258065,0.096774194,0.112903226,0,0.048387097,0.080645161,0.016129032,0.096774194,0.032258065,0,0.048387097,0.048387097,0.032258065,0.016129032,0.032258065,0,0.080645161,0,0.048387097,0,0.096774194,0,0.161290323,0.048387097,0.338709677,0.258064516,0,0,0.112903226,0.096774194,0,0.161290323,0.451612903,0.048387097,0,0.032258065
14,Belle Harbor,14,62.05782313,0,0,0,0,0.166666667,0,0.333333333,0.333333333,0,0,0,0,0,0,0,0,0,0.166666667,0,0.166666667,0,0,0,0,0,0,0,0,0,0,0,0,0,0,0.166666667,0,0.166666667,0,0,0,0,0,0,0,0,0,0,0
15,Briarwood,60,42.46736111,0.0625,0,0,0.03125,0.09375,0,0,0,0,0,0,0,0,0.1875,0.03125,0,0,0.03125,0,0.0625,0.125,0,0.03125,0.09375,0,0.0625,0,0,0.03125,0,0.15625,0,0.0625,0.03125,0.34375,0.15625,0.4375,0.28125,0.03125,0,0.25,0.1875,0.1875,0.0625,0.46875,0,0,0
16,Brighton Beach,80,75.07708333,0,0,0,0.098039216,0.176470588,0,0,0.568627451,0,0.137254902,0,0.078431373,0,0.058823529,0.078431373,0,0.019607843,0,0,0.490196078,0.078431373,0,0,0.098039216,0,0,0,0,0.078431373,0.039215686,0,0,0.039215686,0,0.039215686,0.019607843,0.568627451,0.156862745,0,0,0.098039216,0.196078431,0,0.176470588,0.37254902,0,0,0
17,Brooklyn Heights,241,75.06641968,0,0.028735632,0,0.310344828,0.235632184,0,0.074712644,0,0.005747126,0.16091954,0.126436782,0.005747126,0.017241379,0.120689655,0.011494253,0.011494253,0,0.057471264,0.08045977,0.08045977,0.045977011,0.017241379,0.005747126,0.057471264,0.287356322,0,0.017241379,0.005747126,0.028735632,0.011494253,0.132183908,0.028735632,0.051724138,0.051724138,0.091954023,0.074712644,0.672413793,0.097701149,0.022988506,0,0.212643678,0.379310345,0,0.103448276,0.045977011,0.270114943,0,0
18,Brownsville,65,30.07465201,0.02173913,0,0,0.043478261,0.043478261,0,0.02173913,0,0.065217391,0.02173913,0.02173913,0.086956522,0.043478261,0.02173913,0.086956522,0.02173913,0.043478261,0.02173913,0,0.434782609,0.065217391,0,0,0.173913043,0,0,0.130434783,0.02173913,0,0,0,0,0.02173913,0,0.326086957,0.217391304,0.282608696,0.108695652,0.02173913,0,0.173913043,0.086956522,0,0.347826087,0.456521739,0,0,0
19,Bushwick,2411,39.06570212,0.01257071,0.358265242,0.155876807,0.536769327,0.046511628,0.02514142,0.014456317,0,0,0.131992458,0.001257071,0.013199246,0.001885607,0.276555625,0.077938404,0.011942175,0.050911376,0.022627278,0.001257071,0.189189189,0.042740415,0.161533627,0.013199246,0.121307354,0.013199246,0.001257071,0.005028284,0.004399749,0.089880578,0.067881835,0.035197989,0,0.118164676,0.000628536,0.078566939,0.028912634,0.553111251,0.093651791,0.001257071,0.001257071,0.047768699,0.297925833,0.000628536,0.172847266,0.230043997,0.002514142,0,0
20,Cambria Heights,30,38.30972222,0,0,0,0,0.117647059,0,0,0,0,0,0,0.235294118,0,0,0,0,0.058823529,0.058823529,0,0.411764706,0,0,0,0,0,0,0,0,0,0,0.058823529,0,0.058823529,0,0.352941176,0.117647059,0.176470588,0.235294118,0,0,0.176470588,0.058823529,0,0,0.117647059,0,0,0
21,Canarsie,150,36.25268254,0.147368421,0.010526316,0,0.021052632,0.094736842,0,0.084210526,0.021052632,0.042105263,0.031578947,0,0.084210526,0.010526316,0.042105263,0.021052632,0,0.052631579,0.073684211,0,0.115789474,0.157894737,0,0.073684211,0.084210526,0,0,0.105263158,0,0.010526316,0,0.094736842,0.252631579,0.021052632,0,0.305263158,0.115789474,0.273684211,0.126315789,0.010526316,0,0.284210526,0.031578947,0,0.157894737,0.378947368,0,0,0.031578947
22,Clason Point,20,30.49583333,0.055555556,0,0,0,0,0,0,0,0.222222222,0,0,0,0,0,0,0,0.333333333,0,0.444444444,0.111111111,0,0,0.111111111,0,0.055555556,0,0.111111111,0,0,0,0.166666667,0,0,0,0.277777778,0.166666667,0.166666667,0.166666667,0.111111111,0,0.222222222,0.166666667,0.222222222,0.222222222,0.055555556,0,0,0.222222222
23,Castleton Corners,7,32.53214286,1,0,0,0,0,0,0,0.333333333,0,0,0,0,0,0,0,0,0,0,0,0,0.333333333,0,0,0,0,0,0,0.333333333,0.333333333,0,0.333333333,0,0,0,0.666666667,0,0.666666667,0.666666667,0,0,0,0.333333333,0,0,0,0,0,0
24,Tottenville,8,32.8342803,0,0,0,0,0.333333333,0,0,0,0,0,0,0,0,0,0,0,0,0.666666667,0.333333333,0.666666667,0,0,0,0,0.333333333,0,0,0,0,0,0,0,1,0,0.666666667,0,1.333333333,0,0,0,0,0.333333333,0,0.333333333,0.333333333,0,0,0
25,Chelsea,1162,90.98462541,0.060356653,0.340192044,0.0260631,0.218106996,0.061728395,0.008230453,0.023319616,0.001371742,0,0.064471879,0.030178326,0.001371742,0.001371742,0.065843621,0.015089163,0.006858711,0.009602195,0.006858711,0,0.068587106,0.030178326,0.303155007,0.128943759,0.032921811,0.037037037,0,0.094650206,0.0260631,0.063100137,0.138545953,0.037037037,0.009602195,0.009602195,0.010973937,0.061728395,0.015089163,0.438957476,0.056241427,0.006858711,0.001371742,0.148148148,0.137174211,0.002743484,0.043895748,0.072702332,0.07133059,0.031550069,0
26,Emerson Hill,8,23.48139881,0.166666667,0,0,0,0.333333333,0,0.333333333,0,0.166666667,0,0,0,0,0,0.333333333,0,0,0.333333333,0,0.666666667,0,0,0.166666667,0,0,0,0.166666667,0,0,0,0.5,0,0,0,0.166666667,0.166666667,0,0.166666667,0,0,0.166666667,0,0,0,0,0,0,0.166666667
27,Chinatown,433,70.97669636,0.010909091,0.254545455,0.029090909,0.443636364,0.04,0.003636364,0.018181818,0.003636364,0,0.098181818,0.021818182,0.152727273,0,0.167272727,0.003636364,0.014545455,0.029090909,0.018181818,0.003636364,0.185454545,0.007272727,0.283636364,0.003636364,0.029090909,0.050909091,0,0.101818182,0.036363636,0.087272727,0.101818182,0.032727273,0.021818182,0.058181818,0.007272727,0.087272727,0.025454545,0.658181818,0.065454545,0,0.007272727,0.210909091,0.196363636,0,0.050909091,0.087272727,0.021818182,0,0
28,City Island,15,44.13888889,0,0.230769231,0.076923077,0.230769231,0.230769231,0,0.461538462,0,0.153846154,0,0,0,0,0.230769231,0.153846154,0,0,0,0,0.230769231,0.153846154,0.230769231,0.153846154,0.076923077,0.153846154,0,0.230769231,0,0.076923077,0,0,0,0,0,0,0,1.076923077,0.076923077,0,0.538461538,0.076923077,0.461538462,0,0.230769231,0.153846154,0,0,0.153846154
29,Claremont Village,29,32.41235632,0,0,0,0,0.153846154,0,0,0,0.307692308,0,0,0,0,0.076923077,0,0,0.076923077,0,0,0,0.153846154,0,0.307692308,0.307692308,0,0,0.076923077,0,0,0,0.153846154,0,0,0,0,0,0.076923077,0,0,0,0,0.153846154,0.461538462,0.307692308,0.076923077,0,0,0.307692308
30,Clinton Hill,561,54.43844239,0,0.100515464,0.018041237,0.391752577,0.242268041,0.007731959,0.051546392,0,0.06185567,0.170103093,0.046391753,0.005154639,0.020618557,0.203608247,0.038659794,0.030927835,0.100515464,0.038659794,0.00257732,0.154639175,0.092783505,0.00257732,0.097938144,0.087628866,0.170103093,0,0.157216495,0.012886598,0.018041237,0.028350515,0.072164948,0,0.043814433,0.007731959,0.085051546,0.041237113,0.721649485,0.06185567,0.00257732,0.00257732,0.072164948,0.213917526,0.007731959,0.085051546,0.110824742,0,0,0.015463918
31,Co-op City,3,30.83333333,0,0,0,0,0,0,0,0,0,0,0,0,0.333333333,0,0,0,0.333333333,0.333333333,0,0,0,0,0,0.333333333,0,0.333333333,0,0,0,0,0,0,0,0,0.333333333,0.333333333,0.333333333,0.333333333,0.333333333,0.333333333,1,0.333333333,0,0,0,0,0,0
32,College Point,24,33.4375,0,0,0,0.076923077,0.076923077,0,0,0,0,0,0,0.076923077,0,0,0.153846154,0,0.076923077,0,0,0.076923077,0,0,0,0,0,0,0,0,0,0.076923077,0.153846154,0,0,0,0.230769231,0.153846154,0.461538462,0.153846154,0,0,0.230769231,0.076923077,0,0,0.153846154,0,0,0
33,Arrochar,40,34.92697917,0,0,0,0,0,0,0,0.194444444,0,0,0,0.194444444,0.027777778,0.027777778,0,0,0,0,0.194444444,0.527777778,0.027777778,0,0,0.138888889,0,0.027777778,0,0.027777778,0.055555556,0,0.055555556,0.027777778,0.027777778,0,0.25,0.166666667,0.305555556,0.222222222,0,0.027777778,0.138888889,0.083333333,0,0.055555556,0.166666667,0,0,0
34,Concourse,49,32.26469874,0,0.068965517,0,0.137931034,0.034482759,0,0,0,0.068965517,0,0,0,0,0.034482759,0.103448276,0,0.068965517,0.137931034,0,0.068965517,0.172413793,0,0.034482759,0.24137931,0.034482759,0,0.172413793,0.068965517,0.034482759,0.034482759,0.137931034,0,0,0,0.137931034,0,0.24137931,0.172413793,0,0,0.103448276,0.034482759,0.482758621,0.137931034,0.137931034,0,0,0.068965517
35,Concourse Village,35,36.98571429,0,0.043478261,0,0.217391304,0.130434783,0,0,0,0,0,0,0.043478261,0,0.130434783,0.086956522,0.043478261,0,0.086956522,0,0.260869565,0.086956522,0,0,0.130434783,0.086956522,0,0.086956522,0.086956522,0.043478261,0.043478261,0.173913043,0,0.043478261,0,0.043478261,0,0.434782609,0.434782609,0,0,0.173913043,0.217391304,0.565217391,0.086956522,0.434782609,0,0,0
36,Corona,73,32.69748858,0,0,0,0,0.017857143,0,0.017857143,0,0.017857143,0,0,0.107142857,0.017857143,0,0.017857143,0,0.035714286,0.071428571,0,0.071428571,0.017857143,0,0.071428571,0.035714286,0,0,0.142857143,0,0.035714286,0,0,0,0,0,0.053571429,0.017857143,0.285714286,0.160714286,0,0,0.178571429,0.035714286,0.035714286,0.107142857,0.142857143,0,0,0.035714286
37,Crown Heights,1562,41.72483258,0.009615385,0.033653846,0.013461538,0.439423077,0.134615385,0.032692308,0.022115385,0.002884615,0.231730769,0.125961538,0.019230769,0.017307692,0.009615385,0.221153846,0.097115385,0.010576923,0.132692308,0.032692308,0,0.181730769,0.081730769,0.006730769,0.206730769,0.097115385,0.052884615,0,0.599038462,0.042307692,0.047115385,0.025,0.047115385,0,0.070192308,0.006730769,0.073076923,0.051923077,0.6125,0.117307692,0.004807692,0.000961538,0.0625,0.277884615,0.003846154,0.117307692,0.178846154,0.000961538,0,0.039423077
38,Cypress Hills,139,49.66008907,0,0,0,0.02020202,0.111111111,0,0.01010101,0,0.01010101,0.050505051,0,0.04040404,0.03030303,0.070707071,0.02020202,0.01010101,0.080808081,0.101010101,0,0.171717172,0.111111111,0,0,0.131313131,0.03030303,0,0.01010101,0,0.03030303,0.02020202,0.101010101,0,0.101010101,0,0.171717172,0.050505051,0.191919192,0.151515152,0.04040404,0,0.03030303,0.141414141,0,0.252525253,0.282828283,0.02020202,0,0
39,Ditmars Steinway,307,44.73484496,0.082524272,0.004854369,0.019417476,0.461165049,0.150485437,0.165048544,0.019417476,0,0,0.155339806,0.033980583,0.019417476,0.009708738,0.145631068,0.033980583,0.019417476,0.131067961,0.033980583,0.004854369,0.300970874,0.063106796,0,0.116504854,0.097087379,0,0,0.121359223,0.004854369,0.09223301,0.019417476,0.029126214,0,0.024271845,0.004854369,0.150485437,0.029126214,0.752427184,0.237864078,0,0.009708738,0.087378641,0.126213592,0,0.208737864,0.199029126,0.106796117,0,0
40,Dongan Hills,14,28.83843537,0,0,0,0.090909091,0.545454545,0,0.090909091,0.181818182,0,0.090909091,0,0,0,0,0,0,0,0,0,0.363636364,0,0,0,0,0,0,0,0,0,0,0,0.090909091,0.272727273,0,0.454545455,0.181818182,0.363636364,0.545454545,0,0.272727273,0.363636364,0.090909091,0,0.181818182,0.090909091,0,0,0
41,Douglaston,13,36.3974359,0,0,0,0,0,0,0,0,0,0,0,0.090909091,0,0,0,0,0.090909091,0,0,0.090909091,0,0,0,0,0,0.090909091,0,0,0.090909091,0,0,0,0.090909091,0,0.272727273,0,0.181818182,0.090909091,0,0,0.636363636,0,0,0.272727273,0,0,0,0
42,Boerum Hill,279,60.85871227,0,0.06557377,0.06557377,0.344262295,0.174863388,0.016393443,0.071038251,0.005464481,0.016393443,0.087431694,0.081967213,0,0.005464481,0.196721311,0.021857923,0.010928962,0.021857923,0.021857923,0.010928962,0.169398907,0.021857923,0.049180328,0.016393443,0.054644809,0.06557377,0,0.071038251,0.010928962,0.010928962,0.021857923,0.092896175,0.005464481,0.032786885,0.049180328,0.103825137,0.021857923,0.710382514,0.071038251,0,0.005464481,0.207650273,0.371584699,0.005464481,0.076502732,0.06010929,0.114754098,0,0.005464481
43,Dyker Heights,20,37.63333333,0,0,0,0,0.083333333,0,0,0,0,0,0,0.25,0.083333333,0,0,0,0,0,0,0.166666667,0.166666667,0,0,0.083333333,0,0,0,0,0,0,0,0,0.083333333,0,0.083333333,0,0.083333333,0.25,0,0,0.083333333,0.25,0,0,0,0,0,0
44,East Elmhurst,211,34.09005115,0.441860465,0.005813953,0,0.087209302,0.023255814,0.058139535,0,0,0.005813953,0.011627907,0,0.104651163,0,0.063953488,0,0,0.11627907,0.093023256,0,0.488372093,0.075581395,0,0.069767442,0.01744186,0,0.005813953,0.046511628,0,0.168604651,0.005813953,0.069767442,0,0.01744186,0.01744186,0.203488372,0.075581395,0.36627907,0.220930233,0,0,0.209302326,0.098837209,0.104651163,0.11627907,0.168604651,0,0,0.029069767
45,East Flatbush,482,43.76478627,0.02,0.005714286,0.002857143,0.088571429,0.048571429,0,0.017142857,0.002857143,0.094285714,0.031428571,0.002857143,0.025714286,0.025714286,0.022857143,0.042857143,0.002857143,0.128571429,0.042857143,0,0.274285714,0.108571429,0.002857143,0.08,0.105714286,0.04,0.051428571,0.137142857,0.014285714,0.054285714,0.025714286,0.051428571,0.002857143,0.037142857,0,0.171428571,0.117142857,0.425714286,0.157142857,0.022857143,0.002857143,0.237142857,0.102857143,0.002857143,0.211428571,0.165714286,0.002857143,0,0.042857143
46,East Harlem,1129,60.21411278,0.016194332,0.075573549,0.020242915,0.174089069,0.055330634,0.008097166,0.018893387,0,0.004048583,0.043184885,0.004048583,0.016194332,0.014844804,0.093117409,0.067476383,0.008097166,0.09851552,0.024291498,0.001349528,0.24291498,0.090418354,0.013495277,0.029689609,0.10391363,0.059379217,0.010796221,0.224021592,0.105263158,0.068825911,0.02294197,0.036437247,0.005398111,0.052631579,0.001349528,0.068825911,0.026990553,0.42780027,0.191632928,0.006747638,0,0.110661269,0.105263158,0,0.097165992,0.170040486,0.004048583,0,0.009446694
47,East Morrisania,10,39.25,0,0,0,0,0,0,0,0,0.2,0,0,0,0,0,0.2,0,0.4,0,0,0,0,0,0,0,0,0,0,0,0,0,0,0,0.2,0,0,0,0.2,0,0,0,0.4,0,0.4,0,0.4,0,0,0.4
48,East New York,225,29.95005271,0.238709677,0.006451613,0,0.025806452,0.025806452,0,0.019354839,0,0.012903226,0,0.006451613,0.141935484,0.051612903,0.025806452,0.103225806,0,0.038709677,0.206451613,0,0.148387097,0.116129032,0,0.051612903,0.141935484,0.006451613,0.006451613,0.006451613,0.012903226,0.006451613,0.025806452,0.025806452,0.012903226,0.090322581,0,0.206451613,0.135483871,0.587096774,0.135483871,0.012903226,0,0.264516129,0.264516129,0,0.258064516,0.309677419,0.006451613,0,0.012903226
49,East Village,1788,76.13440622,0,0.053162236,0.044912924,0.597616865,0.038496792,0.007332722,0.013748854,0,0,0.180568286,0.010999083,0.007332722,0.001833181,0.139321723,0.087076077,0.014665445,0.050412466,0.013748854,0.001833181,0.142988084,0.024747938,0.073327223,0.011915674,0.061411549,0.020164986,0,0.016498625,0.013748854,0.12832264,0.146654445,0.09807516,0,0.028414299,0.023831347,0.090742438,0.018331806,0.671860678,0.040329973,0.00091659,0,0.109990834,0.268560953,0,0.110907424,0.079743355,0.011915674,0,0.00091659
50,Eastchester,34,38.84638825,0,0,0,0,0.035714286,0,0,0,0.214285714,0,0,0.035714286,0.071428571,0.142857143,0,0,0.357142857,0.142857143,0,0.142857143,0.035714286,0,0.142857143,0.107142857,0,0.178571429,0.178571429,0,0,0,0.035714286,0,0,0,0.535714286,0.107142857,0.214285714,0.25,0.178571429,0.178571429,0.607142857,0.428571429,0.178571429,0.285714286,0.178571429,0,0,0.25
51,Elmhurst,263,34.57060927,0.073863636,0.017045455,0,0.090909091,0.011363636,0,0,0,0,0.045454545,0.045454545,0.193181818,0.005681818,0.056818182,0.119318182,0,0.130681818,0.028409091,0,0.715909091,0.034090909,0,0.005681818,0.034090909,0,0.068181818,0.034090909,0,0.056818182,0.005681818,0.107954545,0.005681818,0.017045455,0.011363636,0.068181818,0.028409091,0.443181818,0.215909091,0.005681818,0,0.25,0.215909091,0.017045455,0.295454545,0.1875,0,0,0.079545455
52,Eltingville,9,28.04761905,0,0,0,0.111111111,0,0,0,0,0,0,0,0,0,0,0,0,0,0.222222222,0.333333333,0,0,0,0,0,0,0,0,0,0,0,0.111111111,0,0,0,0.555555556,0.222222222,0.111111111,0.666666667,0,0,0,0,0,0.111111111,0.333333333,0,0,0
53,Flatbush,602,36.86574594,0.00243309,0.0243309,0.00243309,0.343065693,0.262773723,0.01216545,0.04379562,0.00486618,0.104622871,0.182481752,0.01703163,0.01216545,0.00973236,0.187347932,0.04379562,0.02919708,0.150851582,0.04379562,0,0.257907543,0.077858881,0.00243309,0.111922141,0.145985401,0.114355231,0,0.165450122,0.01216545,0.02189781,0.01703163,0.02919708,0,0.03163017,0.01703163,0.119221411,0.060827251,0.627737226,0.085158151,0.00729927,0.00486618,0.111922141,0.291970803,0.00486618,0.218978102,0.189781022,0,0,0.097323601
54,Flatlands,85,36.86436275,0.017241379,0,0,0.017241379,0.224137931,0,0,0.017241379,0.086206897,0.017241379,0,0.068965517,0.017241379,0.051724138,0.051724138,0,0.034482759,0.103448276,0.017241379,0.431034483,0.086206897,0,0.051724138,0.155172414,0.017241379,0.068965517,0.086206897,0.051724138,0.103448276,0,0.086206897,0,0.120689655,0,0.448275862,0.172413793,0.448275862,0.172413793,0.086206897,0,0.5,0.120689655,0,0.293103448,0.224137931,0,0,0.051724138
55,Flushing,439,37.33367881,0.016891892,0,0,0.040540541,0.02027027,0,0,0,0.033783784,0.013513514,0,0.25,0.027027027,0.047297297,0.185810811,0,0.057432432,0.02027027,0,0.152027027,0.037162162,0,0.030405405,0.094594595,0.003378378,0,0.047297297,0.081081081,0.077702703,0,0.010135135,0,0.040540541,0.010135135,0.273648649,0.047297297,0.449324324,0.189189189,0.003378378,0.010135135,0.125,0.219594595,0.060810811,0.060810811,0.27027027,0,0,0.006756757
56,Fordham,56,33.18453444,0,0,0,0,0.153846154,0,0,0,0.128205128,0.051282051,0.025641026,0,0,0.025641026,0,0.307692308,0.051282051,0.025641026,0,0.076923077,0.076923077,0,0.128205128,0,0,0,0,0,0.025641026,0,0.025641026,0,0.051282051,0.025641026,0.051282051,0,0.538461538,0.512820513,0,0,0.102564103,0.358974359,0.051282051,0.102564103,0.153846154,0,0,0.051282051
57,Forest Hills,137,43.86696412,0.060240964,0,0.036144578,0.108433735,0.120481928,0,0,0,0,0,0.024096386,0.036144578,0,0.096385542,0.072289157,0,0.096385542,0.060240964,0,0.192771084,0.108433735,0,0.024096386,0.048192771,0.108433735,0.024096386,0,0,0.084337349,0.084337349,0.084337349,0,0.012048193,0.060240964,0.253012048,0.060240964,0.457831325,0.34939759,0.024096386,0,0.240963855,0.240963855,0.240963855,0.21686747,0.156626506,0,0,0
58,Fort Greene,458,56.71630147,0.006369427,0.035031847,0.015923567,0.343949045,0.207006369,0.02866242,0.054140127,0,0.031847134,0.111464968,0.044585987,0.006369427,0.003184713,0.184713376,0.140127389,0.015923567,0.105095541,0.047770701,0.00955414,0.124203822,0.082802548,0.006369427,0.044585987,0.092356688,0.213375796,0,0.076433121,0.003184713,0.01910828,0.015923567,0.060509554,0,0.012738854,0.01910828,0.060509554,0.035031847,0.608280255,0.089171975,0,0.003184713,0.121019108,0.257961783,0.015923567,0.089171975,0.044585987,0.006369427,0,0.01910828
59,Fort Hamilton,207,45.47583966,0.007246377,0.007246377,0,0.326086957,0.188405797,0.014492754,0.101449275,0.014492754,0.014492754,0.050724638,0.007246377,0.036231884,0.014492754,0.072463768,0.079710145,0,0.050724638,0.108695652,0.108695652,0.115942029,0.065217391,0.007246377,0.007246377,0.072463768,0.007246377,0,0.007246377,0,0.086956522,0.014492754,0.217391304,0.123188406,0.02173913,0.014492754,0.079710145,0.036231884,0.760869565,0.304347826,0.014492754,0,0.355072464,0.217391304,0,0.18115942,0.246376812,0.108695652,0,0
60,Fresh Meadows,47,38.48031071,0.03030303,0,0,0.060606061,0.090909091,0,0,0,0,0,0,0.090909091,0,0.151515152,0,0.03030303,0,0,0,0.272727273,0.090909091,0,0,0.03030303,0,0.03030303,0,0,0.121212121,0.121212121,0.03030303,0,0.03030303,0,0.151515152,0.212121212,0.515151515,0.272727273,0,0,0.393939394,0.212121212,0.03030303,0.090909091,0.090909091,0,0,0
62,Glendale,58,33.58333333,0.043478261,0.043478261,0,0.086956522,0.173913043,0.130434783,0,0,0,0.02173913,0.02173913,0.065217391,0,0.152173913,0.02173913,0,0.065217391,0.02173913,0,0.130434783,0.043478261,0.02173913,0.108695652,0.086956522,0.02173913,0,0,0,0,0.043478261,0.130434783,0,0.086956522,0,0.130434783,0.108695652,0.347826087,0.239130435,0,0,0.108695652,0.152173913,0,0.173913043,0.195652174,0,0,0
63,South Slope,993,54.1391616,0.007267442,0.030523256,0.018895349,0.427325581,0.252906977,0.021802326,0.043604651,0.001453488,0.13372093,0.130813953,0.046511628,0.001453488,0.007267442,0.148255814,0.059593023,0.027616279,0.07122093,0.127906977,0,0.120639535,0.183139535,0.015988372,0.123546512,0.075581395,0.104651163,0,0.212209302,0.027616279,0.050872093,0.04505814,0.05377907,0,0.026162791,0.015988372,0.100290698,0.049418605,0.738372093,0.13372093,0.024709302,0.004360465,0.139534884,0.32994186,0.007267442,0.129360465,0.084302326,0.002906977,0,0.040697674
64,Gramercy,327,92.02163609,0,0.010810811,0.016216216,0.367567568,0.097297297,0,0.027027027,0,0,0.097297297,0.048648649,0.005405405,0.005405405,0.07027027,0.005405405,0.016216216,0.037837838,0.010810811,0,0.091891892,0.016216216,0.016216216,0.016216216,0.043243243,0.064864865,0,0.010810811,0.010810811,0.064864865,0.064864865,0.086486486,0,0.027027027,0.037837838,0.178378378,0.086486486,0.583783784,0.081081081,0.027027027,0,0.194594595,0.194594595,0,0.081081081,0.097297297,0.005405405,0,0
65,Gravesend,72,33.67101521,0,0,0,0.02173913,0.02173913,0,0,0.108695652,0,0.065217391,0,0.086956522,0,0,0.02173913,0,0,0.108695652,0,0.282608696,0.02173913,0,0.043478261,0.043478261,0,0,0,0,0.065217391,0,0.02173913,0,0.130434783,0,0.260869565,0.065217391,0.369565217,0.347826087,0,0,0.108695652,0.130434783,0,0.108695652,0.304347826,0,0,0.02173913
66,Greenpoint,1084,56.43125696,0.005673759,0.039716312,0.028368794,0.597163121,0.10070922,0.045390071,0.025531915,0,0,0.173049645,0.042553191,0.005673759,0.004255319,0.253900709,0.065248227,0.04822695,0.012765957,0.025531915,0.079432624,0.121985816,0.072340426,0.058156028,0.012765957,0.10212766,0.05248227,0,0.007092199,0,0.080851064,0.076595745,0.174468085,0.011347518,0.058156028,0.021276596,0.191489362,0.055319149,0.765957447,0.141843972,0.00141844,0.004255319,0.10212766,0.453900709,0,0.174468085,0.110638298,0.116312057,0.00141844,0
67,Tompkinsville,42,23.68939909,0,0,0,0.09375,0.15625,0.0625,0,0.03125,0,0,0,0.03125,0,0,0,0,0.125,0.0625,0.5625,0.1875,0,0,0,0.15625,0.1875,0,0.0625,0.03125,0.0625,0,0.0625,0,0.03125,0,0.4375,0.09375,0.125,0.3125,0,0,0.09375,0,0,0.0625,0,0.03125,0,0.03125
68,Harlem,2625,47.64025793,0.00617284,0.038159371,0.014590348,0.272166105,0.163860831,0.012906846,0.031425365,0,0.001683502,0.078002245,0.015712682,0.008417508,0.046015713,0.17003367,0.057800224,0.007856341,0.0667789,0.034792368,0.000561167,0.201459035,0.075757576,0.009539843,0.021324355,0.11952862,0.187991021,0.001122334,0.101571268,0.039281706,0.070145903,0.029741863,0.12345679,0.003367003,0.022446689,0.002805836,0.095959596,0.043209877,0.573512907,0.165544332,0.003367003,0.003367003,0.098204265,0.164421998,0.034792368,0.125701459,0.182940516,0.024691358,0.002244669,0.000561167
69,Hell's Kitchen,1923,76.3325889,0.046985816,0.089539007,0.005319149,0.378546099,0.034574468,0,0.018617021,0,0,0.036347518,0.004432624,0.005319149,0,0.092198582,0.013297872,0.008865248,0.026595745,0.002659574,0.004432624,0.086879433,0.079787234,0.016843972,0.096631206,0.050531915,0.015070922,0,0.15070922,0.038120567,0.062943262,0.057624113,0.031028369,0.024822695,0.007978723,0.004432624,0.04787234,0.021276596,0.662234043,0.102836879,0.000886525,0.00177305,0.155141844,0.085106383,0.011524823,0.066489362,0.062056738,0.022163121,0.008865248,0
70,Highbridge,33,29.66414141,0,0.105263158,0,0.105263158,0.105263158,0,0,0,0.052631579,0,0,0.157894737,0,0.052631579,0.052631579,0,0.105263158,0.105263158,0,0.157894737,0.052631579,0,0,0.105263158,0.052631579,0,0.210526316,0,0.210526316,0.052631579,0.210526316,0,0.052631579,0,0.105263158,0.052631579,0.631578947,0.263157895,0,0.052631579,0.157894737,0.157894737,0.684210526,0.315789474,0.421052632,0,0,0
71,Hollis,16,42.16220238,0,0,0,0.083333333,0.25,0,0,0,0,0,0,0,0,0,0,0,0.166666667,0.083333333,0,0.333333333,0.166666667,0,0,0,0,0,0,0,0,0,0.083333333,0,0,0,0.416666667,0.083333333,0.416666667,0.166666667,0,0,0.166666667,0,0,0,0,0,0,0
73,Howard Beach,22,35.97064394,0.684210526,0,0,0,0.157894737,0,0,0,0,0,0,0,0,0,0,0,0.052631579,0.105263158,0,0.052631579,0.105263158,0,0,0.157894737,0,0,0,0,0,0,0.052631579,0,0,0,0.157894737,0.157894737,0.052631579,0.052631579,0,0,0.105263158,0,0,0,0.105263158,0,0,0
74,Graniteville,11,31.06060606,0,0,0,0,0,0,0,0,0.142857143,0,0,0,0,0,0,0,0.142857143,0.142857143,0.142857143,0,0,0,0.142857143,0,0.285714286,0,0.428571429,0,0,0,0.285714286,0,0,0,0.142857143,0,0.142857143,0,0.142857143,0,0.142857143,0,0,0.285714286,0,0,0,0.142857143
75,Hunts Point,21,27.28571429,0.142857143,0,0,0,0,0,0,0,0.071428571,0,0,0.071428571,0,0.071428571,0,0,0.428571429,0,0,0.071428571,0,0,0.214285714,0.071428571,0.142857143,0,0,0,0,0,0.071428571,0,0,0,0,0.428571429,0.285714286,0.071428571,0,0,0.214285714,0,0.214285714,0.214285714,0.285714286,0,0,0.214285714
76,Jackson Heights,191,36.55127566,0.157894737,0,0,0.157894737,0.022556391,0,0.030075188,0,0.015037594,0.030075188,0,0.030075188,0,0.015037594,0.030075188,0,0.428571429,0.022556391,0,0.390977444,0.022556391,0,0.037593985,0.082706767,0.067669173,0,0.045112782,0,0.060150376,0.007518797,0.007518797,0,0.007518797,0,0.15037594,0.007518797,0.526315789,0.105263158,0,0,0.090225564,0.082706767,0.030075188,0.127819549,0.22556391,0,0,0.007518797
77,Jamaica,239,34.70406418,0.313953488,0.029069767,0,0.005813953,0.034883721,0,0.005813953,0,0.023255814,0,0,0.040697674,0.01744186,0.01744186,0.069767442,0,0.058139535,0.052325581,0,0.162790698,0.040697674,0,0.040697674,0.063953488,0,0,0.046511628,0.011627907,0.058139535,0,0.110465116,0,0.034883721,0,0.273255814,0.093023256,0.23255814,0.203488372,0,0.005813953,0.151162791,0.058139535,0.005813953,0.174418605,0.087209302,0,0,0
78,Jamaica Estates,19,81.14561404,0.1,0,0,0.1,0,0,0,0,0,0,0,0,0,0,0,0,0,0,0,0,0,0,0,0.1,0,0.1,0.2,0,0,0,0.3,0,0,0,0.2,0,0.4,0.2,0,0,0.2,0.1,0.2,0,0.1,0,0,0
79,Kensington,176,36.42775072,0.047619048,0,0,0.253968254,0.119047619,0.03968254,0.03968254,0,0.055555556,0.095238095,0.03968254,0.023809524,0.007936508,0.142857143,0.03968254,0.007936508,0.19047619,0.111111111,0,0.246031746,0.079365079,0,0.055555556,0.150793651,0.087301587,0,0.023809524,0.007936508,0.047619048,0.023809524,0.015873016,0,0.063492063,0.007936508,0.206349206,0.095238095,0.523809524,0.301587302,0.023809524,0,0.119047619,0.198412698,0,0.158730159,0.341269841,0.007936508,0,0.023809524
80,Kew Gardens,32,44.46302083,0.15,0.05,0,0.3,0.3,0,0,0,0,0,0,0,0,0.05,0,0.05,0.05,0,0,0.2,0,0,0,0.2,0,0,0,0,0,0,0.05,0,0.25,0,0.2,0,0.5,0.5,0,0,0.05,0.2,0.1,0.25,0.05,0,0,0
81,Kew Gardens Hills,28,43.76598639,0,0,0,0.058823529,0,0,0,0,0.058823529,0,0,0.058823529,0,0,0.058823529,0.058823529,0,0.117647059,0,0.176470588,0,0,0.117647059,0.235294118,0,0.058823529,0.058823529,0,0,0,0.117647059,0,0,0,0.294117647,0.117647059,0.529411765,0.117647059,0.058823529,0,0.117647059,0.117647059,0.176470588,0.117647059,0.058823529,0,0,0
82,Kingsbridge,77,34.85768398,0,0,0,0.211538462,0.115384615,0,0,0,0.115384615,0.019230769,0,0.019230769,0,0.038461538,0.076923077,0.019230769,0.038461538,0.057692308,0,0.115384615,0.019230769,0,0.115384615,0.134615385,0.076923077,0,0,0,0.25,0,0.153846154,0,0.076923077,0,0.230769231,0.038461538,0.442307692,0.307692308,0,0,0.326923077,0.153846154,0.076923077,0.211538462,0.173076923,0,0,0.115384615
83,Murray Hill,950,75.87086793,0.001855288,0.033395176,0.003710575,0.243042672,0.050092764,0.111317254,0.014842301,0,0,0.040816327,0.00742115,0.009276438,0,0.074211503,0.009276438,0.00742115,0.018552876,0.00742115,0.024118738,0.044526902,0.042671614,0.009276438,0.035250464,0.105751391,0.033395176,0.031539889,0.012987013,0.111317254,0.035250464,0.06864564,0.046382189,0,0.012987013,0.00742115,0.159554731,0.141001855,0.382189239,0.172541744,0.025974026,0.001855288,0.105751391,0.116883117,0,0.12244898,0.038961039,0.018552876,0.13729128,0
84,Laurelton,23,37.62173913,0.058823529,0,0,0,0.352941176,0,0,0,0,0,0,0.058823529,0,0,0.235294118,0,0,0.058823529,0,0.294117647,0.058823529,0,0,0,0,0,0,0,0,0,0,0,0,0,0.411764706,0.235294118,0.235294118,0.411764706,0,0,0.058823529,0.058823529,0,0.117647059,0.058823529,0,0,0
85,Long Island City,525,52.49168216,0.042813456,0.122324159,0.01529052,0.256880734,0.116207951,0.088685015,0.01529052,0.006116208,0.003058104,0.076452599,0.012232416,0.033639144,0,0.113149847,0.033639144,0.006116208,0.097859327,0.048929664,0.027522936,0.165137615,0.036697248,0.036697248,0.076452599,0.113149847,0.006116208,0,0.235474006,0.048929664,0.055045872,0.006116208,0.085626911,0.009174312,0.01529052,0.006116208,0.131498471,0.033639144,0.547400612,0.226299694,0,0.012232416,0.06116208,0.128440367,0.021406728,0.113149847,0.183486239,0.125382263,0,0.003058104
86,Longwood,63,39.06361231,0.066666667,0,0,0,0.044444444,0,0,0,0.066666667,0,0,0.133333333,0,0,0.044444444,0,0.066666667,0,0,0.333333333,0.022222222,0,0,0.133333333,0.066666667,0,0,0.044444444,0.022222222,0,0,0,0.088888889,0,0.066666667,0.022222222,0.2,0.133333333,0.022222222,0.022222222,0.333333333,0.088888889,0.311111111,0.133333333,0.355555556,0,0,0.044444444
87,Lower East Side,890,76.34563938,0,0.183864916,0.011257036,0.47467167,0.03564728,0.001876173,0.037523452,0,0,0.125703565,0.018761726,0.033771107,0.001876173,0.150093809,0.009380863,0.026266417,0.028142589,0.001876173,0.020637899,0.127579737,0.015009381,0.285178236,0.00750469,0.08630394,0.037523452,0,0.168855535,0.056285178,0.127579737,0.12195122,0.097560976,0.037523452,0.018761726,0.003752345,0.106941839,0.015009381,0.630393996,0.052532833,0.005628518,0.001876173,0.155722326,0.243902439,0,0.106941839,0.075046904,0.037523452,0,0
88,Sheepshead Bay,170,39.39932073,0.056603774,0,0,0.122641509,0.122641509,0,0.028301887,0.094339623,0,0.103773585,0,0.037735849,0,0.018867925,0,0,0.066037736,0.075471698,0,0.094339623,0.08490566,0,0.009433962,0.066037736,0.047169811,0.009433962,0.056603774,0,0.047169811,0.009433962,0.037735849,0,0,0,0.226415094,0.066037736,0.518867925,0.283018868,0,0.009433962,0.198113208,0.141509434,0,0.235849057,0.29245283,0.028301887,0,0
89,Inwood,259,41.1356537,0.005617978,0.061797753,0.02247191,0.297752809,0.269662921,0.011235955,0.056179775,0,0.005617978,0.06741573,0.016853933,0.056179775,0.011235955,0.196629213,0.06741573,0.005617978,0.08988764,0.095505618,0,0.151685393,0.101123596,0,0.073033708,0.095505618,0.028089888,0,0.286516854,0.005617978,0.08988764,0.078651685,0.393258427,0,0.061797753,0.005617978,0.112359551,0.056179775,0.595505618,0.157303371,0.005617978,0.011235955,0.078651685,0.185393258,0,0.202247191,0.241573034,0.101123596,0,0.005617978
90,Melrose,10,25.09166667,0,0,0.285714286,0.428571429,0,0.285714286,0,0,0,0,0,0,0,0.285714286,0.285714286,0,0,0,0,0.285714286,0.285714286,0,0,0.142857143,0,0,0,0,0.285714286,0,0,0,0,0,0,0,0.571428571,0,0,0,0.285714286,0.285714286,0.285714286,0.428571429,0,0,0,0
91,Middle Village,33,35.36136364,0.136363636,0,0,0,0.454545455,0,0,0,0,0,0,0.181818182,0.045454545,0,0.136363636,0,0,0.045454545,0,0.227272727,0.181818182,0,0,0.045454545,0,0,0,0,0,0,0.227272727,0,0.090909091,0,0.318181818,0.045454545,0.409090909,0.363636364,0,0.045454545,0.136363636,0.181818182,0.045454545,0.136363636,0.090909091,0,0,0.045454545
92,Midtown,1712,105.2139631,0.053191489,0.131528046,0.005802708,0.166344294,0.034816248,0.001934236,0.008704062,0,0,0.02901354,0.010638298,0.003868472,0.000967118,0.067698259,0.00967118,0.003868472,0.021276596,0.00483559,0.001934236,0.055125725,0.003868472,0.011605416,0.091876209,0.037717602,0.022243714,0.001934236,0.189555126,0.03384913,0.029980658,0.025145068,0.030947776,0,0.007736944,0.01450677,0.051257253,0.042553191,0.411025145,0.050290135,0.001934236,0,0.251450677,0.070599613,0.039651838,0.074468085,0.03384913,0.047388781,0.035783366,0.007736944
93,Midwood,111,35.8260296,0.012658228,0.012658228,0,0.025316456,0.075949367,0,0.063291139,0.012658228,0.037974684,0.075949367,0.012658228,0.012658228,0,0.063291139,0,0.012658228,0,0.101265823,0,0.151898734,0.025316456,0,0.037974684,0.088607595,0.025316456,0,0,0,0.012658228,0.012658228,0,0,0.101265823,0.012658228,0.240506329,0.037974684,0.392405063,0.316455696,0,0,0.189873418,0.215189873,0.012658228,0.189873418,0.227848101,0,0,0.037974684
94,Bergen Beach,22,34.40340909,0.076923077,0,0,0,0,0,0,0,0,0,0,0,0,0,0,0,0.076923077,0,0,0.076923077,0,0,0,0,0,0,0,0,0,0,0.076923077,0,0,0,0.461538462,0.153846154,0.076923077,0,0,0,0.230769231,0,0.076923077,0.076923077,0,0,0,0
95,Morningside Heights,315,51.66280423,0,0.00617284,0,0.290123457,0.135802469,0,0.030864198,0,0,0.12345679,0.024691358,0.00617284,0.012345679,0.117283951,0.00617284,0.00617284,0.018518519,0.043209877,0,0.055555556,0.148148148,0,0.00617284,0.080246914,0.055555556,0,0.055555556,0.00617284,0.049382716,0,0.141975309,0,0.024691358,0,0.209876543,0.012345679,0.580246914,0.25308642,0,0,0.030864198,0.222222222,0,0.12962963,0.049382716,0.012345679,0,0
96,Morrisania,21,33.45634921,0,0,0,0,0.181818182,0,0,0,0.181818182,0,0,0,0,0,0,0,0.090909091,0,0,0,0.090909091,0,0.181818182,0,0,0,0.090909091,0.090909091,0,0,0.090909091,0,0,0,0,0,0.090909091,0,0,0.090909091,0.181818182,0,0.454545455,0.090909091,0.181818182,0.181818182,0,0.181818182
97,Mott Haven,104,36.25761218,0,0.105263158,0.039473684,0.157894737,0.052631579,0.026315789,0.039473684,0,0.039473684,0.026315789,0,0.026315789,0,0.157894737,0.078947368,0,0.092105263,0,0.013157895,0.118421053,0.210526316,0.052631579,0.052631579,0.026315789,0.131578947,0,0.092105263,0.026315789,0.065789474,0,0.052631579,0,0.052631579,0.013157895,0.065789474,0.026315789,0.355263158,0.144736842,0.013157895,0,0.105263158,0.131578947,0.118421053,0.052631579,0.171052632,0.013157895,0,0.039473684
98,Mount Hope,22,23.75767414,0,0.083333333,0,0.083333333,0.166666667,0,0,0,0.166666667,0,0,0,0,0,0.25,0,0.083333333,0.083333333,0,0.333333333,0,0,0.083333333,0.083333333,0.083333333,0.166666667,0.083333333,0,0,0,0,0,0,0,0,0,0.166666667,0.166666667,0,0,0.166666667,0.083333333,0.416666667,0.166666667,0.166666667,0,0,0.416666667
99,Navy Yard,15,60.10555556,0,0.090909091,0.090909091,0.181818182,0.181818182,0,0.181818182,0,0.090909091,0.090909091,0.090909091,0,0,0.363636364,0,0.090909091,0,0,0.090909091,0,0,0,0,0.090909091,0.090909091,0,0.090909091,0,0,0,0.272727273,0,0.181818182,0,0.090909091,0.181818182,0.545454545,0.090909091,0,0,0,0.272727273,0,0,0.090909091,0.181818182,0,0
100,Midland Beach,21,28.41865079,0,0,0,0,0.0625,0,0.25,0.4375,0.0625,0,0,0,0,0,0.125,0,0,0,0,0.125,0,0,0.0625,0.125,0.0625,0,0.0625,0,0,0,0.125,0.0625,0,0,0.5625,0.125,0.375,0.1875,0,0,0.1875,0,0,0.1875,0.1875,0,0,0.0625
101,New Springville,9,42.26666667,0,0,0,0,0.166666667,0,0,0,0,0,0,0,0,0,0,0,0,0,0.333333333,0,0.166666667,0,0,0.166666667,0.333333333,0,0.166666667,0,0,0,0.166666667,0,0,0,0.333333333,0.166666667,0.333333333,0.166666667,0,0,0.166666667,0.166666667,0,0.333333333,0,0,0,0
102,Fieldston,31,69.10483871,0,0,0,0.173913043,0.130434783,0,0,0,0.086956522,0.086956522,0,0,0,0.086956522,0.043478261,0.043478261,0,0.086956522,0,0.173913043,0.173913043,0,0.173913043,0.130434783,0.043478261,0,0,0,0.043478261,0,0.043478261,0,0,0,0.347826087,0.043478261,0.52173913,0.260869565,0,0,0.217391304,0.173913043,0.043478261,0.043478261,0.304347826,0.043478261,0,0.086956522
103,Norwood,38,37.08114035,0,0,0,0.090909091,0.136363636,0,0.045454545,0,0.363636364,0,0,0,0,0.045454545,0,0,0,0.136363636,0,0.045454545,0.090909091,0,0.318181818,0.045454545,0,0,0.045454545,0,0,0,0.090909091,0,0.136363636,0,0.181818182,0,0.227272727,0.181818182,0,0,0.136363636,0.090909091,0.136363636,0.318181818,0.363636364,0,0,0.318181818
104,Ozone Park,62,32.73486943,0.2,0.025,0,0.025,0.125,0,0,0,0.025,0,0,0.125,0,0.025,0.025,0,0.05,0.075,0,0.075,0.075,0,0.05,0.1,0,0,0.025,0,0.1,0,0.125,0,0.125,0,0.3,0.05,0.375,0.275,0,0,0.25,0,0.025,0.075,0.325,0,0,0.025
105,Parkchester,40,34.35208333,0,0,0,0,0.035714286,0,0,0,0.25,0,0,0.107142857,0,0.071428571,0.142857143,0,0.035714286,0.071428571,0,0.142857143,0.071428571,0,0.107142857,0.035714286,0,0,0,0,0.035714286,0,0.107142857,0,0.035714286,0,0.178571429,0.035714286,0.321428571,0.214285714,0,0,0.142857143,0.142857143,0,0.285714286,0.142857143,0,0,0.25
106,Bronxdale,64,31.60552455,0.104166667,0,0,0.020833333,0.020833333,0,0,0,0.270833333,0.041666667,0,0,0,0.104166667,0.104166667,0,0.041666667,0.104166667,0,0.104166667,0.125,0,0.1875,0.1875,0,0,0,0.020833333,0.083333333,0,0.125,0,0.041666667,0,0.354166667,0.270833333,0.4375,0.25,0,0.020833333,0.458333333,0.104166667,0.0625,0.354166667,0.145833333,0,0,0.541666667
107,Prince's Bay,11,50.01515152,0,0,0,0,0,0,0,0,0,0,0,0,0,0,0,0,0,0.166666667,0.833333333,0.166666667,0,0,0,0.5,0,0,0,0,0,0,0,0,0.333333333,0,0,0,0.166666667,0,0,0,0.166666667,0,0,0.5,0,0,0,0
108,Huguenot,2,39.16666667,0,0,0,0,0,0,0,0,0,0,0,0,0,0,0,0,0,0,0,0,0,0,0,0,0,0,0,0,0,0,0,0,0,0,0.5,0,0,0.5,0,0,0,0,0,0,0,0,0,0
109,Prospect Heights,345,53.17140097,0,0.067226891,0.004201681,0.399159664,0.18907563,0.021008403,0.029411765,0,0.352941176,0.193277311,0.046218487,0,0,0.159663866,0.029411765,0.033613445,0.088235294,0.054621849,0.004201681,0.142857143,0.096638655,0,0.298319328,0.088235294,0.105042017,0,0.651260504,0.016806723,0.037815126,0.033613445,0.042016807,0.004201681,0.025210084,0,0.088235294,0.025210084,0.68907563,0.084033613,0,0,0.12605042,0.281512605,0,0.130252101,0.117647059,0,0,0.071428571
110,Prospect-Lefferts Gardens,513,40.76088484,0.002724796,0.057220708,0.008174387,0.302452316,0.207084469,0.010899183,0.038147139,0,0.196185286,0.155313351,0.005449591,0.019073569,0,0.209809264,0.0626703,0.054495913,0.166212534,0.032697548,0.005449591,0.21253406,0.10626703,0,0.25613079,0.100817439,0.084468665,0.008174387,0.316076294,0.008174387,0.032697548,0.019073569,0.019073569,0,0.081743869,0.005449591,0.122615804,0.065395095,0.501362398,0.136239782,0.002724796,0,0.019073569,0.239782016,0.005449591,0.125340599,0.220708447,0,0,0.174386921
111,Queens Village,65,34.91887446,0.243902439,0,0,0.024390244,0.073170732,0,0,0,0,0,0,0,0.048780488,0,0.048780488,0,0.073170732,0.146341463,0,0.097560976,0.12195122,0,0,0.12195122,0.024390244,0,0,0,0.073170732,0,0.097560976,0,0.024390244,0,0.292682927,0.268292683,0.317073171,0.219512195,0.024390244,0,0.097560976,0.073170732,0,0.195121951,0.048780488,0.024390244,0,0
112,St. George,72,36.41779101,0,0.039215686,0.078431373,0.176470588,0.098039216,0.039215686,0.039215686,0,0.019607843,0.019607843,0,0.098039216,0.039215686,0.039215686,0.039215686,0,0.196078431,0.058823529,1.098039216,0.235294118,0.058823529,0.019607843,0.058823529,0.176470588,0.235294118,0,0.294117647,0.019607843,0.039215686,0,0.078431373,0.058823529,0.039215686,0,0.235294118,0.078431373,0.607843137,0.137254902,0,0,0.058823529,0.058823529,0.117647059,0.254901961,0.019607843,0.117647059,0,0.098039216
113,Red Hook,336,52.18263262,0,0.038961039,0.056277056,0.523809524,0.173160173,0.012987013,0.038961039,0,0,0.134199134,0.056277056,0,0,0.229437229,0.073593074,0.021645022,0.004329004,0.108225108,0.060606061,0.095238095,0.086580087,0.03030303,0.025974026,0.095238095,0.064935065,0,0.012987013,0.008658009,0.021645022,0.03030303,0.125541126,0.051948052,0.038961039,0.017316017,0.112554113,0.017316017,0.813852814,0.112554113,0.008658009,0.017316017,0.125541126,0.341991342,0,0.090909091,0.142857143,0.164502165,0.004329004,0
114,Rego Park,88,31.53606961,0.034482759,0.017241379,0,0.068965517,0.068965517,0,0.086206897,0,0,0.017241379,0,0.155172414,0,0,0.034482759,0,0.068965517,0.120689655,0,0.120689655,0.120689655,0,0.086206897,0.120689655,0.017241379,0,0,0,0.068965517,0.034482759,0.034482759,0.017241379,0.017241379,0,0.224137931,0.172413793,0.465517241,0.379310345,0,0,0.379310345,0.120689655,0.103448276,0.413793103,0.068965517,0,0,0
115,Richmond Hill,104,35.04566163,0.25,0.017857143,0,0.107142857,0.089285714,0,0,0,0.017857143,0.017857143,0,0.071428571,0.017857143,0.053571429,0.017857143,0,0.160714286,0.089285714,0,0.267857143,0.071428571,0,0.035714286,0.214285714,0.089285714,0,0.017857143,0,0.089285714,0,0,0,0.071428571,0.035714286,0.178571429,0.089285714,0.392857143,0.25,0,0,0.089285714,0.089285714,0.017857143,0.125,0.303571429,0,0,0.017857143
116,Richmondtown,7,47.02380952,0,0,0,0,0,0,0,0,0,0,0,0,0,0,0,0,0,0,0.333333333,0.166666667,0,0,0,0,0,0,0,0,0,0,0,0,0,0,0.333333333,0.166666667,0.5,0,0,0,0.5,0,0,0.166666667,0.166666667,0,0,0
117,Ridgewood,427,36.10954658,0,0.099337748,0.033112583,0.493377483,0.039735099,0.01986755,0.003311258,0,0,0.072847682,0.023178808,0.006622517,0,0.168874172,0.168874172,0.026490066,0.036423841,0.079470199,0,0.17218543,0.046357616,0.046357616,0.006622517,0.102649007,0.337748344,0,0,0,0.225165563,0.112582781,0.013245033,0,0.069536424,0.013245033,0.178807947,0.112582781,0.364238411,0.195364238,0.003311258,0,0.062913907,0.145695364,0,0.132450331,0.149006623,0.013245033,0,0
118,Rockaway Beach,169,43.17378263,0.086206897,0.025862069,0,0.181034483,0.086206897,0.00862069,0.112068966,0.379310345,0,0.051724138,0.00862069,0,0,0.068965517,0.120689655,0,0.017241379,0.077586207,0.120689655,0.198275862,0.060344828,0,0,0.086206897,0,0.025862069,0,0,0.017241379,0.00862069,0.00862069,0,0.060344828,0.00862069,0.086206897,0.034482759,0.396551724,0.034482759,0.043103448,0.034482759,0.077586207,0.137931034,0,0.025862069,0.301724138,0.034482759,0,0
119,Rosedale,63,37.04056437,0.113636364,0,0,0,0.022727273,0,0,0,0,0,0,0.045454545,0.022727273,0.022727273,0,0,0,0.022727273,0,0.159090909,0.022727273,0,0.113636364,0.136363636,0,0,0,0,0.022727273,0,0.022727273,0,0.045454545,0,0.340909091,0.022727273,0.227272727,0.181818182,0,0,0.113636364,0.068181818,0,0.090909091,0.045454545,0,0,0
120,Woodrow,2,53.125,0,0,0,0,0,0,0,0,0,0,0,0,0,0,0,0,0,0,0,0,0,0,0,0,0,0,0,0,1,0,0,0,0,0,0,0,0,0,0,0,0,0,0,1,0,0,0,0
121,Sea Gate,23,101.6390647,0,0.066666667,0,0,0,0,0,0.533333333,0,0,0,0,0,0,0.066666667,0,0,0,0,0.133333333,0,0,0,0,0.133333333,0,0,0,0.266666667,0,0.333333333,0.066666667,0.066666667,0,0.2,0.2,0.066666667,0,0,0,0,0,0.2,0,0,0,0,0
122,Soundview,16,31.65625,0,0,0,0,0.090909091,0,0,0,0,0,0,0.090909091,0,0,0.090909091,0,0.090909091,0,0,0.363636364,0,0,0,0.090909091,0,0,0,0,0.090909091,0,0.090909091,0,0.181818182,0,0.090909091,0,0.454545455,0.454545455,0,0,0.454545455,0.181818182,0,0.090909091,0.090909091,0,0,0
123,South Ozone Park,40,30.15863095,0.133333333,0,0,0.033333333,0.033333333,0,0,0,0,0,0,0,0,0,0.1,0,0.266666667,0.033333333,0,0.033333333,0.033333333,0,0,0.1,0,0,0,0,0.033333333,0,0,0,0,0,0.3,0,0.2,0.166666667,0,0,0.033333333,0,0,0.1,0,0,0,0
124,Springfield Gardens,92,37.6860766,0.432432432,0,0,0,0.054054054,0,0,0,0,0,0,0.283783784,0,0,0.040540541,0,0.013513514,0.094594595,0,0.445945946,0.175675676,0,0.054054054,0.027027027,0,0.013513514,0,0,0,0,0.040540541,0,0.22972973,0.027027027,0.22972973,0.054054054,0.337837838,0.202702703,0,0,0.202702703,0.054054054,0.013513514,0.135135135,0.081081081,0,0,0
125,St. Albans,72,34.92287809,0.265306122,0.040816327,0,0.020408163,0,0,0,0,0,0,0,0.081632653,0,0,0.06122449,0,0.040816327,0.040816327,0,0.244897959,0.040816327,0,0,0.020408163,0.102040816,0.081632653,0,0,0,0,0.12244898,0,0.020408163,0,0.346938776,0.081632653,0.346938776,0.12244898,0,0,0.142857143,0.020408163,0,0.06122449,0.040816327,0,0,0
126,Shore Acres,61,36.91120219,0,0,0,0.137254902,0.274509804,0.039215686,0.019607843,0.039215686,0,0.058823529,0,0.039215686,0,0.078431373,0.019607843,0,0.196078431,0.019607843,0.156862745,0.117647059,0.019607843,0,0.039215686,0.078431373,0.294117647,0,0.137254902,0.039215686,0.098039216,0,0.196078431,0,0,0,0.31372549,0.019607843,0.509803922,0.215686275,0,0,0.039215686,0.058823529,0,0.294117647,0.039215686,0.058823529,0,0.058823529
127,Stuyvesant Town,36,90.04074074,0,0,0,0.3,0,0,0,0,0,0.2,0,0,0,0,0,0,0,0,0,0,0,0.1,0,0,0,0,0,0,0.2,0,0.2,0,0,0,0.2,0,0.3,0,0,0,0.2,0,0,0,0.2,0,0,0
128,Sunnyside,490,37.75181163,0.030487805,0.012195122,0,0.277439024,0.042682927,0,0,0.00304878,0,0.094512195,0.012195122,0.057926829,0.009146341,0.076219512,0.06097561,0.009146341,0.146341463,0.054878049,0.00304878,0.280487805,0.070121951,0,0.033536585,0.088414634,0.067073171,0,0.033536585,0,0.045731707,0.015243902,0.073170732,0,0.042682927,0.024390244,0.210365854,0.076219512,0.539634146,0.274390244,0,0,0.097560976,0.094512195,0.018292683,0.198170732,0.243902439,0.021341463,0,0
129,Sunset Park,407,41.50877403,0,0.020761246,0.020761246,0.266435986,0.242214533,0.027681661,0.031141869,0,0.041522491,0.096885813,0.017301038,0.259515571,0,0.131487889,0.131487889,0.024221453,0.100346021,0.062283737,0.031141869,0.283737024,0.058823529,0.010380623,0.041522491,0.134948097,0.079584775,0,0.038062284,0,0.048442907,0.01384083,0.034602076,0.020761246,0.096885813,0.006920415,0.190311419,0.096885813,0.598615917,0.214532872,0.003460208,0,0.110726644,0.197231834,0,0.21799308,0.211072664,0.179930796,0,0.027681661
130,Throgs Neck,40,36.54083333,0,0,0,0.214285714,0.071428571,0,0,0,0.142857143,0,0,0.035714286,0,0.035714286,0,0,0.035714286,0.357142857,0.071428571,0.035714286,0.107142857,0,0.142857143,0,0.035714286,0,0.178571429,0,0.071428571,0,0.071428571,0,0.035714286,0,0.321428571,0.071428571,0.714285714,0.321428571,0,0.035714286,0.142857143,0,0.178571429,0.142857143,0.142857143,0.142857143,0,0.107142857
131,Tremont,13,30.19230769,0,0,0,0,0,0,0,0,0.333333333,0,0,0,0,0,0,0,0,0,0,0,0,0,0.083333333,0,0,0,0,0,0,0,0,0,0,0,0.25,0,0,0,0,0,0,0.083333333,0,0,0,0,0,0.333333333
132,Little Italy,601,98.9009399,0.005154639,0.082474227,0.100515464,0.229381443,0.06185567,0.010309278,0.010309278,0,0,0.198453608,0.051546392,0.056701031,0,0.087628866,0.015463918,0.028350515,0,0.010309278,0.023195876,0.131443299,0.043814433,0.12371134,0.030927835,0.023195876,0.051546392,0,0.051546392,0.041237113,0.077319588,0.06185567,0.028350515,0.007731959,0.046391753,0.115979381,0.085051546,0.005154639,0.585051546,0.020618557,0.079896907,0.00257732,0.327319588,0.260309278,0,0.085051546,0.038659794,0.010309278,0,0
133,Unionport,11,38.15151515,0,0,0,0,0.090909091,0,0,0,0.090909091,0,0,0.090909091,0,0,0,0,0.181818182,0,0,0.363636364,0,0,0.090909091,0.090909091,0,0,0,0,0.181818182,0,0,0,0.090909091,0,0.363636364,0,0.545454545,0.090909091,0,0,0.454545455,0.090909091,0,0.090909091,0.090909091,0,0,0.090909091
134,University Heights,40,30.63333333,0,0.08,0,0.04,0,0,0,0,0.04,0,0,0.04,0.04,0.04,0.24,0,0.24,0.04,0,0,0.12,0.04,0,0.04,0,0.04,0.08,0,0.04,0,0,0,0,0,0.28,0.44,0.4,0.08,0,0,0.04,0.08,0.16,0.2,0.2,0,0,0.2
135,Upper East Side,1830,69.82740741,0.004492363,0.188679245,0.00359389,0.283018868,0.098831986,0.008984726,0.015274034,0.002695418,0.000898473,0.053009883,0.041329739,0.009883199,0.001796945,0.103324349,0.008086253,0.007187781,0.00359389,0.028751123,0.005390836,0.076370171,0.045822102,0.042228212,0.004492363,0.115902965,0.047619048,0.017070979,0.558849955,0.23539982,0.045822102,0.029649596,0.04851752,0.000898473,0.02425876,0.008086253,0.169811321,0.08984726,0.579514825,0.16621743,0.021563342,0.000898473,0.25606469,0.22821204,0.000898473,0.20754717,0.066486972,0.032345013,0.002695418,0.015274034
136,Upper West Side,1903,77.58960258,0.002727273,0.048181818,0.004545455,0.22,0.098181818,0.002727273,0.030909091,0.000909091,0,0.076363636,0.032727273,0.005454545,0.01,0.07,0.012727273,0.008181818,0.024545455,0.039090909,0.001818182,0.084545455,0.06,0,0.015454545,0.109090909,0.022727273,0.001818182,0.361818182,0.097272727,0.030909091,0.017272727,0.105454545,0.003636364,0.012727273,0.01,0.149090909,0.07,0.524545455,0.128181818,0.021818182,0,0.160909091,0.162727273,0.000909091,0.177272727,0.084545455,0.019090909,0,0.003636364
137,Woodlawn,63,34.03747795,0.093023256,0,0,0,0.186046512,0,0.023255814,0,0.279069767,0,0,0,0,0,0.023255814,0,0.093023256,0.23255814,0,0.23255814,0.348837209,0,0.162790698,0.023255814,0,0.023255814,0,0,0.023255814,0.023255814,0.023255814,0,0.186046512,0.023255814,0.255813953,0.186046512,0.302325581,0.302325581,0,0,0.372093023,0.046511628,0.139534884,0.209302326,0.511627907,0,0,0.348837209
138,Washington Heights,928,40.52448558,0.00173913,0.052173913,0.034782609,0.180869565,0.180869565,0.012173913,0.053913043,0,0.013913043,0.046956522,0.013913043,0.026086957,0.003478261,0.144347826,0.083478261,0.010434783,0.046956522,0.08,0.008695652,0.189565217,0.113043478,0.00173913,0.029565217,0.133913043,0.07826087,0.006956522,0.139130435,0.017391304,0.052173913,0.013913043,0.125217391,0,0.04,0.005217391,0.128695652,0.027826087,0.469565217,0.173913043,0.005217391,0.00173913,0.055652174,0.139130435,0.046956522,0.16173913,0.19826087,0.090434783,0,0.006956522
139,West Brighton,22,34.65909091,0,0,0,0.285714286,0.142857143,0,0,0,0,0,0,0,0,0.142857143,0,0,0,0,0.285714286,0,0,0,0,0.214285714,0.071428571,0,0,0,0,0,0.142857143,0,0,0,0.714285714,0,0.357142857,0.142857143,0,0,0.071428571,0.142857143,0,0.428571429,0,0,0,0.214285714
140,West Village,1122,100.7736597,0,0.094311377,0.034431138,0.393712575,0.097305389,0.002994012,0.023952096,0.001497006,0.001497006,0.133233533,0.094311377,0,0,0.112275449,0.008982036,0.04491018,0.005988024,0.002994012,0.001497006,0.056886228,0.01497006,0.035928144,0.008982036,0.046407186,0.074850299,0,0.056886228,0.019461078,0.062874251,0.079341317,0.074850299,0.004491018,0.050898204,0.095808383,0.088323353,0.02994012,0.646706587,0.031437126,0,0.002994012,0.215568862,0.218562874,0.001497006,0.067365269,0.017964072,0.01497006,0,0
141,Westchester Square,10,32.4375,0,0,0,0,0,0,0,0,0.25,0,0,0.25,0,0,0.25,0,0.375,0,0,0.25,0,0,0.25,0,0,0,0,0,0,0,0,0,0.125,0,0.375,0,0.5,0.375,0,0,0,0,0.25,0,0.375,0,0,0.25
142,Whitestone,10,33.30833333,0,0,0,0,0.428571429,0,0,0,0,0,0,0.571428571,0,0.142857143,0.142857143,0,0,0,0,0,0,0,0.142857143,0,0,0,0,0,0,0,0,0,0,0,0.571428571,0,0.285714286,0.428571429,0,0,0,0.428571429,0.285714286,0,0,0,0,0
143,Williamsbridge,47,41.17758359,0,0.028571429,0,0,0,0.057142857,0,0,0.285714286,0,0,0,0.028571429,0.028571429,0.028571429,0,0.142857143,0.057142857,0,0.285714286,0.314285714,0,0.257142857,0.057142857,0,0.085714286,0.057142857,0,0,0,0.114285714,0,0.028571429,0,0.314285714,0.028571429,0.4,0.142857143,0.057142857,0.114285714,0.142857143,0.142857143,0.085714286,0.257142857,0.285714286,0,0,0.342857143
144,Williamsburg,3815,56.91647533,0.001614205,0.150121065,0.037126715,0.59039548,0.053672316,0.023002421,0.06133979,0.000807103,0,0.155770783,0.01291364,0.006053269,0.000403551,0.229620662,0.030669895,0.024616626,0.017352704,0.008474576,0.041565779,0.218724778,0.020984665,0.060936239,0.008071025,0.089184826,0.005649718,0,0.002017756,0.008071025,0.096448749,0.094834544,0.09039548,0.004842615,0.060532688,0.01291364,0.096045198,0.028248588,0.684826473,0.081113801,0.000403551,0.001614205,0.137207425,0.340193705,0,0.137610977,0.172719935,0.070621469,0.000403551,0
145,Windsor Terrace,151,41.46773363,0,0,0.018518519,0.287037037,0.194444444,0.037037037,0.101851852,0,0.074074074,0.12037037,0.018518519,0.009259259,0,0.185185185,0.018518519,0.037037037,0.046296296,0.203703704,0,0.138888889,0.222222222,0,0.037037037,0.166666667,0.064814815,0,0.092592593,0.018518519,0.018518519,0.009259259,0.009259259,0,0.055555556,0.009259259,0.425925926,0.12962963,0.638888889,0.231481481,0.009259259,0,0.111111111,0.222222222,0,0.064814815,0.175925926,0.018518519,0,0.092592593
146,Woodhaven,93,31.09632616,0.067567568,0,0,0,0.040540541,0,0.040540541,0,0,0.013513514,0,0,0,0.013513514,0.013513514,0,0.040540541,0.054054054,0,0.054054054,0.013513514,0,0,0.094594595,0.027027027,0,0,0,0.027027027,0,0,0,0.013513514,0,0.202702703,0.081081081,0.364864865,0.27027027,0.013513514,0,0.094594595,0.040540541,0.013513514,0.256756757,0.324324324,0,0,0
147,Woodside,246,39.68066202,0.136904762,0.005952381,0,0.464285714,0.101190476,0.017857143,0,0,0.005952381,0.029761905,0,0.041666667,0,0.06547619,0.226190476,0.005952381,0.178571429,0.041666667,0,0.255952381,0.047619048,0,0.005952381,0.107142857,0.011904762,0,0.023809524,0,0.023809524,0.041666667,0.071428571,0,0.023809524,0.077380952,0.208333333,0.392857143,0.863095238,0.101190476,0,0.017857143,0.029761905,0.160714286,0.017857143,0.375,0.25,0,0,0