Unique Identifier,AdultCareFacilities,Clinics,CommunityHealthCenters,DiagnosticTreatmentCenters,Hospitals,NursingHomes,SchoolBasedHealthFacilities,Daycares,TotalPop,shape_area,rating_b,FemalePopPercent,PopU18PopPercent,Pop18t24PopPercent,Pop25t44PopPercent,Pop45t64PopPercent,Pop65plPopPercent,HispanicPopPercent,WhiteNonHispPopPercent,BlackNonHispPopPercent,AsianPIPopPercent,OtherRacePopPercent,ForeignBornPopPercent,LimitedEngPopPercent,EduLessThanHSPopPercent,PovertyPopPercent,FoodStampSNAPPopPercent,UnemploymentPopPercent,DisabilityPopPercent,DisabilityVisionPopPercent,DisabilityCognitivePopPercent,DisabilityAmbulatoryPopPercent,DisabilitySelfCarePopPercent,DisabilityIndepLivPopPercent,HealthInsPopPercent,MedicaidEnrollPopPercent,AlcoholRetailersPopPercent,TobaccoRetailersPopPercent,FelonyCrimePopPercent,PropertyCrimePopPercent,ViolentCrimePopPercent,JailIncarcerationPopPercent,AssaultHospPopPercent,AlcoholHospPopPercent,DrugHospPopPercent,PsychHospPopPercent,StrokeHospPopPercent,HIVPopPercent,HepBPopPercent,HepCPopPercent,TBPopPercent,GonorrheaPopPercent,SyphilisPopPercent,PrematureMortalityPopPercent
1,2,1,0,4,0,7,0,95,69435,46878491.85,7.045550528,51.22370274,22.72754951,9.720036005,27.94758551,25.23121625,14.32486498,41.59919781,18.77343271,30.83872975,6.501162238,2.389981998,36.48881976,20.65277454,24.41636927,19.51154029,27.72173832,14.35626125,15.04758551,3.54874775,6.132558508,9.196333261,3.910018002,5.961270253,86.13354072,37.33542306,0.12240072,0.089225405,1.436511702,0.787379276,0.373005401,0.449633326,0.075402865,1.22600553,1.063442852,0.676278751,0.349522638,0.028723081,0.06608954,0.106615387,0.005771288,0.184327385,0.034544017,0.181909756
2,0,0,0,0,0,0,0,8,25602,50410816.25,6.936363636,50.5,21,9.2,26.7,30.3,12.8,11.9,79.6,1.4,6.3,0.9,15.3,6.3,8.9,5.3,4.2,8,8.1,0.9,1.9,5.2,1.8,3,96.4,14.1,0.027,0.012,0.55,0.19,0.08,0.16,0.0181,0.5969,0.519,0.5225,0.2876,0,0.0124,0.0425,0.0039,0,0,0.14
3,0,3,0,4,1,1,1,86,106244,54955110.68,7.13680211,50.08230771,14.08948741,10.20358985,42.52205113,20.97076917,12.30435883,29.44794906,47.03769154,6.30102594,14.68589756,2.5,43.74692312,26.8725641,17.71871823,17.38948741,12.9620515,10.01153853,8.990256391,1.245128195,2.972564098,5.819487218,1.845128195,3.772564098,81.13538459,28.52487199,0.354597427,0.138299998,1.561769229,0.743538459,0.409025639,0.253897444,0.030789487,0.770104104,0.402324623,0.462068719,0.282341289,0.04190564,0.0486,0.071516923,0.008765641,0.185411794,0.054593332,0.134602052
4,0,1,0,1,0,1,0,23,32002,20534621.2,6.415841584,49.1,20.2,7.4,31.7,24.7,15.9,15.2,47.2,1.2,35.2,1.2,46.8,41.7,25,15.8,16,7.9,11.1,2.8,4.1,7.4,3.8,5.1,88.4,41,0.15,0.1,0.97,0.46,0.23,0.17,0.0197,0.4581,0.2965,0.3145,0.261,0,0.1909,0.0879,0.0146,0.0219,0,0.1264
5,0,0,0,2,1,0,0,39,42485,19014299.22,6.069053708,51.6,13.8,11,52.9,16,6.4,9.1,65.3,2.9,19.7,3,29.3,7.3,4.1,7.6,1.5,4.3,3.9,0.6,1.3,2.4,1,1.6,94.5,11.1,0.619,0.228,1.62,1.11,0.21,0.15,0.0199,0.6305,0.3816,0.3304,0.2728,0.0287,0.0584,0.0627,0.0039,0.1624,0.0447,0.0792
6,0,0,0,0,0,0,0,7,22060,46292591.07,6.971698113,52.8,14.8,7.4,22,30.3,25.5,8.5,67.7,0.4,20.9,2.5,29.6,17.8,8.8,7.2,3.7,10.2,14.3,1.4,4.2,9.7,4.1,6.8,94,13.6,0.118,0.041,0.54,0.28,0.1,0.09,0,0.2535,0.1245,0.3567,0.2877,0,0.0503,0.0389,0.003,0.0204,0,0.0927
7,0,0,0,4,0,2,0,50,46667,80798590.96,6.579904306,52,19.3,7.2,27.3,29.6,16.7,14.9,41.5,1.7,38.6,3.2,42.5,29.2,11.5,7.3,5.4,8.4,8.6,1.2,2.7,4.6,1.6,3.8,89.3,21.6,0.238,0.077,1.08,0.62,0.23,0.1,0.0124,0.199,0.1509,0.3016,0.2069,0.0021,0.0838,0.0489,0.0021,0.0225,0,0.0725
8,5,3,0,3,1,8,2,93,52266,54160419.83,7.157068063,53.3,28.4,10.5,24.8,22.7,13.4,27.8,25.2,42,3,2.1,34.4,19.5,29.1,23.2,37.1,10.2,15.8,6,5.3,9,4.1,6.1,86.5,42.8,0.067,0.061,2.03,0.76,0.56,0.71,0.07,0.8054,0.6062,1.34,0.4088,0.0211,0.0476,0.0983,0.0013,0.1158,0.0124,0.2344
9,0,2,1,6,0,1,3,202,137830,64036724.03,7.384899117,53.09127621,27.07352246,11.37227454,31.67632446,20.83862729,8.939251252,19.39595008,18.70218965,57.63363564,2.508099833,1.71214975,19.92367554,12.48972212,23.21962563,31.70934775,34.90467387,15.02305159,10.72772546,2.904049917,3.791900167,6.715575709,2.323675542,3.627725459,87.65669883,43.98816803,0.18847975,0.139439251,3.232647754,1.4851401,0.892367554,1.127102663,0.107299353,1.361483401,1.491675798,0.930425443,0.418957958,0.056787532,0.048301554,0.118108712,0.006550777,0.309052308,0.084164481,0.259624288
10,0,1,0,0,0,0,0,13,26609,55184283.9,6.575342466,51.5,20.3,10.1,26,30.4,13.2,19.8,30.6,5.7,39.8,4.1,41.6,23.4,12.8,10.5,5.9,6.7,10.8,1.8,3.8,6.1,2.9,5.7,91,24.4,0.105,0.041,0.96,0.51,0.15,0.17,0.0222,0.7529,0.5837,1.6918,0.2158,0.0038,0.04,0.0689,0.0088,0.0319,0.0113,0.0919
11,0,1,0,2,0,0,2,50,27395,13557340.16,7.496240602,54,27.4,23,26.9,15.8,6.7,60.3,21.1,15.1,1.7,1.8,32.5,30,39.1,46.1,47.7,12,13.2,2,6.8,5.5,2.6,4.9,83,51,0.354,0.161,2.67,1.47,0.72,0.89,0.1206,2.027,2.4344,1.0378,0.428,0.0362,0.0744,0.1215,0.0073,0.2081,0.0566,0.2906
12,1,2,0,1,0,2,0,51,90834,46670569.58,7.583333333,51.3,21,8.6,29.6,26,14.8,15.1,44.9,0.7,38.1,1.2,55.4,48.8,29.6,19.3,21.2,10.6,10.3,1.6,3.5,6.5,3,5.1,86,48.9,0.159,0.111,1.04,0.55,0.25,0.16,0.0277,0.419,0.2353,0.4559,0.2385,0.0053,0.2633,0.0876,0.0128,0.027,0.0088,0.1346
13,1,3,0,1,1,2,6,187,109422,54005018.75,7.428832117,49,39.6,9.6,24.6,16.8,9.4,10.3,75.6,0.6,12.9,0.6,28.8,36,28.5,37.3,33.8,6.3,7.7,1.3,3.1,4.8,2.6,3.9,90.1,65.7,0.095,0.058,0.72,0.36,0.2,0.12,0.0158,0.5621,0.2321,0.509,0.3301,0.0054,0.2386,0.0529,0.0064,0.0155,0.0059,0.1128
14,5,0,0,1,0,3,0,20,28972,99436036.78,6.543396226,51,23.5,5.5,23.1,29.8,18.1,11.1,77.9,7.9,2.1,1,12.3,6.2,11.8,7.6,8.6,8,15.5,4.3,5.9,7.9,3.8,5.9,92.5,15.6,0.211,0.097,1.35,0.51,0.36,0.61,0.0453,0.9089,0.5119,1.4514,0.3486,0.0104,0.015,0.0798,0.0035,0.0362,0.0104,0.2049
15,0,0,0,1,0,3,0,39,40027,29301606.76,7.723463687,51.2,18.4,8.6,33.6,27.1,12.2,25.8,19.4,10.8,38.6,5.6,56.8,31.1,15.8,15.8,10.9,12.9,9,2,2.9,4.9,2,3.5,80.1,39.6,0.102,0.07,1.2,0.75,0.19,0.19,0.0285,0.4999,0.259,0.7093,0.2889,0.0174,0.0851,0.0555,0.0133,0.045,0.0125,0.1163
16,0,0,0,1,1,1,1,45,48123,25918907.13,6.036037581,54.87397294,14.48776676,6.746431021,22.72602706,29.48928163,26.51937119,8.69644245,77.88108805,1.144388338,10.56277248,1.646431021,68.56633003,55.31429878,10.45051639,23.92960746,31.49694741,8.086733994,20.93366997,7.286229038,9.997452362,14.92703697,8.895409679,12.32907965,89.43162729,45.90307545,0.155877668,0.068239844,1.553979802,0.974897866,0.332194169,0.188877668,0.033276521,0.662464585,0.430599541,0.578925545,0.306162818,0.001997452,0.102816892,0.196728115,0.004128575,0.012466858,0,0.174881134
17,0,0,0,4,0,0,0,21,23532,9983620.163,6.550898204,51,12.8,9.4,42.2,22.5,13.1,8.9,73.4,5.7,7.8,4.2,19.6,4,2.2,10,2.8,5.4,8,2.2,2.5,4.4,1.8,3.1,93,5,0.331,0.072,1.16,0.74,0.17,0.07,0,0.3618,0.2254,0.2672,0.1442,0,0.0161,0.0521,0.0014,0.0892,0.017,0.072
18,0,1,1,4,0,0,0,127,61161,32719366.09,7.645776567,59.2,30.8,11.5,27.8,20.5,9.4,18.7,0.9,78.2,0.9,1.2,27.7,8.2,27.2,40,45.2,15.1,11.6,2.9,4.1,6.4,2.4,4,87.5,54.4,0.128,0.137,4,1.61,1.01,1.53,0.1586,1.64,1.9,1.1653,0.5361,0.0672,0.0598,0.1485,0.0033,0.3924,0.0589,0.3354
19,1,6,0,4,2,1,3,161,138660,65097379.83,7.553582637,51.01010529,23.3322429,14.0610688,35.50683398,19.49316602,7.506688302,64.81217799,11.82882591,17.90639694,4.372955431,1.125408914,35.96641281,33.36655849,39.55452618,29.26448579,36.98127939,14.22199192,8.506688302,2.050817828,3.279643733,4.947400837,1.771174095,3.333878552,75.22006491,37.12868023,0.296561618,0.152576518,2.649302034,1.305750613,0.768469638,0.721010529,0.071890219,1.172259824,1.117547375,0.734687505,0.398358235,0.035246964,0.036881425,0.10013464,0.007908615,0.273361864,0.06130596,0.191937037
20,0,0,0,0,0,0,1,32,19688,33076798.06,7.048,54.8,16.8,9.9,23.4,30.3,19.5,3.9,1.6,91.1,1.3,2,38.7,6.3,10.1,4.8,12.2,6.7,9.4,1.3,2.7,5.2,1.6,3.4,89.5,19.8,0.086,0.066,1.5,0.63,0.3,0.42,0.0268,0.2227,0.3106,0.5792,0.3044,0.0198,0.0328,0.0201,0.0017,0.1194,0,0.096
21,2,2,0,3,0,2,0,170,87511,82098856.06,6.857342657,54.7,23.2,11.1,26.6,28.5,10.5,7.9,4.9,82.5,3,1.7,46.7,14.1,16.3,15.2,16.8,9.7,9,1.9,2.7,6.1,2.2,3.5,88.7,30.6,0.082,0.069,2.05,1.01,0.48,0.45,0.0546,0.5192,0.4937,0.6471,0.3864,0.035,0.057,0.0636,0.0084,0.1606,0.0189,0.1597
22,0,2,1,2,0,1,1,99,55256,51983796.82,5.749464668,55.4,23.5,11.5,26,25.5,13.4,58.1,1.7,36.6,1.9,1.8,21.9,19.9,25.9,27.6,34.5,11.9,16,3.2,7.1,9.9,3.7,6.2,89.4,43.6,0.074,0.067,1.99,1.12,0.45,0.68,0.1147,1.2274,1.3293,0.6795,0.2813,0.0466,0.0604,0.0971,0.003,0.2154,0.038,0.2029
23,0,0,0,1,0,0,0,9,24357,63253932.34,7.428769018,51.3,21.7,7.8,26.7,27.7,16,15.6,71.7,2.6,7.6,2.5,15.6,5.4,7.8,7.6,6.2,7,10.9,1.6,4.2,5.6,2.1,4.1,95.6,14.2,0.234,0.123,0.83,0.4,0.22,0.16,0.0235,0.6232,0.4723,0.3272,0.2613,0,0.0237,0.0507,0,0.0328,0,0.1549
24,0,0,0,0,0,0,0,15,24574,145674612.3,5.547908232,49.1,25.7,8.6,27.3,27.7,10.7,12.4,80.7,1.8,4,1,15,6.5,8.7,5.5,5.2,6.1,7,1.6,2.5,4.3,1.9,2.9,93.7,12.1,0.273,0.102,0.87,0.34,0.22,0.17,0.0245,0.4476,0.4389,0.2677,0.3499,0,0.0177,0.0643,0.0054,0.0224,0,0.1199
25,1,3,2,12,0,0,3,53,76034,37068382.05,7.092063492,49,10.8,9.1,46.6,22.8,10.8,14,63.1,6.1,13.1,3.6,22.9,8,5.8,12.6,6.7,6.6,6.6,1.4,2.1,3.5,1.3,2.3,93,15.7,0.751,0.15,3.36,2.4,0.44,0.4,0.0441,1.2254,1.1423,1.0413,0.212,0.095,0.043,0.1602,0.0035,0.7017,0.2381,0.1138
26,0,1,0,2,0,2,0,34,39594,327768573.7,6.387536514,52.6,20.7,8,24.7,30,16.6,12.8,63.9,5.6,16.4,1.3,24,11.1,10.5,8.3,8.8,6.9,8.8,0.9,2.9,5,1.9,3.8,93.6,24,0.164,0.066,0.86,0.4,0.16,0.2,0.0348,0.5132,0.4135,0.4569,0.3848,0.0025,0.0274,0.0512,0.0025,0.029,0,0.1444
27,0,2,0,6,0,0,2,68,45091,14501867.88,6.534050179,48.4,13.9,8.7,35.5,26.3,15.5,13.6,16.7,4.1,61.8,3.8,53.8,46.1,38.7,29,26.1,9.1,11.1,2,4.6,7.5,3.6,5.4,84.8,59.7,0.723,0.144,2.37,1.47,0.44,0.34,0.0533,0.7299,0.5739,0.4573,0.3514,0.0376,0.8237,0.2123,0.0185,0.2761,0.0432,0.1514
28,0,1,0,0,0,1,0,30,26963,40134533.12,6.659459459,53.9,18.1,8.3,25.3,28.7,19.7,30.7,61.2,2.7,4.1,1.4,16.5,10.5,17.4,10.3,9.6,9.3,14.1,3,4.7,8.5,3.4,7.6,93.3,19.4,0.267,0.122,1.11,0.68,0.24,0.18,0.0455,0.7366,0.5748,0.3688,0.2151,0.0111,0.0403,0.0718,0.0012,0.0389,0.0315,0.1612
29,0,2,0,7,0,1,3,103,33205,16451615.97,6.721238938,56.3,33.1,13.2,25.7,20.1,7.9,55.4,1,42.4,0,1.2,26.3,26,39.9,50.6,61.3,21.7,15.8,3.2,7.6,9.6,4.2,6,87.7,66.1,0.123,0.099,2.57,1.34,0.67,1.48,0.1971,2.7471,3.9937,1.4519,0.4605,0.0456,0.1493,0.1277,0.012,0.3478,0.0903,0.3457
30,0,0,0,2,0,0,2,43,37795,20528197.64,7.205607477,52.5,18,14.6,39.4,18.8,9.2,13.8,38.4,37.8,5.7,4.2,18.9,8.3,8.7,19.4,13.9,8.9,6.8,1.3,2.2,4.3,1.3,2.7,87.5,21.5,0.323,0.135,2.59,1.39,0.64,0.43,0.0475,0.6665,0.7316,0.5202,0.2782,0.0452,0.0316,0.1005,0.0053,0.2434,0.0582,0.1755
31,0,1,0,2,0,3,1,35,47442,39833695.17,5.108,55.4,16.9,9.3,22,30.6,21.2,30.2,8,58.9,0.7,2.2,26.1,10.4,16,10.1,13.8,12.4,15.5,3.7,4.5,10.2,3.4,5.3,92.5,20.7,0.08,0.044,1.26,0.8,0.22,0.23,0.0527,0.8325,0.5778,0.5108,0.2578,0.0192,0.0509,0.0605,0.0014,0.1075,0.0169,0.1714
32,0,0,0,1,0,3,0,9,25113,50553892.98,6.28929385,50.2,21.8,9.9,28.2,26.7,13.4,36.7,27.5,1.7,31.9,2.4,47.6,39.6,21.1,12.9,13.7,9.2,7.4,1.2,2.4,4.6,1.6,2.9,81,42.8,0.159,0.076,1.15,0.48,0.43,0.27,0.0245,0.4423,0.308,0.4389,0.2451,0.0118,0.1505,0.0663,0.0106,0.0299,0.0119,0.1585
33,1,0,0,0,0,0,1,19,15394,40925777.31,6.183060109,54.4,22.4,8.4,26.5,29.4,13.3,13.9,65.4,5.9,13.2,1.6,34.3,20.1,14.1,12.2,15.7,8.8,12.3,2.3,4.5,7.3,3.8,6.1,91.8,31.1,0.201,0.104,1.15,0.46,0.31,0.37,0.0797,0.8613,0.8726,0.8298,0.2846,0.0191,0.044,0.0781,0.0087,0.0292,0,0.1793
34,0,1,0,3,0,0,2,153,37852,19379817.58,6.375661376,52.5,29,11,27.9,24.7,7.5,69.1,1.2,24.4,3,2.1,47.1,39.9,37,36.6,49.2,15.2,15.2,4.1,5.8,9.1,3.1,5.3,82.6,60,0.24,0.164,2.86,1.57,0.64,0.81,0.1134,1.5338,1.7735,0.6919,0.428,0.0408,0.1264,0.1073,0.0106,0.2127,0.0568,0.2065
35,1,2,1,1,0,2,3,193,64821,18222401.78,7.368421053,53,27,12.7,26.4,23,10.8,61.3,1.4,34.2,1.3,1.8,37.8,33.4,38.9,35.9,45.1,15.3,14.3,2.9,5.9,8.7,2.4,4.9,84,55.2,0.139,0.123,2.34,1.08,0.68,0.91,0.1314,1.8564,1.9772,0.9524,0.4564,0.0444,0.1556,0.119,0.0057,0.2391,0.0555,0.2421
36,3,3,0,2,0,2,0,79,110440,38081205.25,7.454137867,46.36990221,24.93776711,10.77553423,36.81194314,19.39436798,8.083882651,72.77291742,4.777571532,11.1341724,10.56359109,0.751747555,61.42524448,52.75815828,39.97631293,24.52728178,29.61330134,6.776213329,9.097183991,2.206990221,3.269223108,4.831455994,1.817475552,2.513980442,65.84815284,48.11679645,0.22082624,0.101615538,1.412242847,0.638883557,0.427203912,0.456854401,0.051151748,0.834322329,0.298499882,0.468912088,0.289612405,0.022648252,0.090066108,0.056134272,0.01868534,0.074274276,0.022174855,0.109576793
37,0,6,0,7,1,3,0,272,177290,87698877.1,7.653858054,54.77491737,23.72851825,11.19103672,31.35961983,22.82700039,10.87680185,12.07320999,14.01616899,69.70143776,2.169124034,1.953441818,32.75831632,9.342032264,20.86562073,27.4319595,29.18027074,13.63149303,9.804144058,2.068253709,3.14347961,6.563996277,1.98400925,3.535240002,85.05660895,39.03718822,0.166438976,0.1244963,3.441986801,1.572871623,0.812561961,1.107260816,0.106021104,1.590551977,1.989366665,1.514718431,0.421578761,0.052064637,0.057971509,0.137180562,0.004878069,0.354494819,0.088559997,0.23974899
38,0,0,0,0,0,0,0,68,47199,27609751.07,7.672364672,52.2,27.9,12.4,29.3,23.2,7.3,60.4,5,25.9,6.4,2.4,46.1,24,28.5,30.2,23.5,8.6,6.6,1.4,2.6,3.9,1.6,2.8,84.5,52,0.231,0.14,2.79,1.34,0.67,0.72,0.0712,0.9894,0.6514,0.5965,0.3572,0.0213,0.0583,0.0567,0.0028,0.1409,0.0339,0.1806
39,0,0,0,0,0,0,0,23,47980,57724460.46,6.37962963,51.5,15.1,8.3,41.5,22.7,12.4,22.5,62.9,1.6,10.5,2.6,37.8,20.9,15,12.6,8.1,9.2,9.2,1.1,3,5.6,2.2,4.1,84.5,22,0.3,0.098,1.2,0.54,0.35,0.17,0.0217,0.5332,0.2659,0.2678,0.277,0.025,0.0349,0.0766,0.0014,0.248,0.0469,0.1124
40,0,5,0,1,1,1,1,19,25007,67009381.56,6.652380952,52.9,19.7,9.6,27.9,27.2,15.6,13.3,71.4,4.3,9.1,1.9,30.5,17.8,12.6,11.7,13,8.1,11.4,1.3,3.9,5.9,2.1,4.7,92.5,24.3,0.196,0.104,0.99,0.4,0.24,0.25,0.0469,1.001,1.0146,1.2295,0.5048,0.012,0.044,0.0744,0.0013,0.03,0,0.1717
41,1,0,0,0,0,1,0,21,25490,68394169.97,7.022222222,51.6,19.4,5.9,25.9,30.7,18.1,11.3,46.7,1.8,39.2,1,39.1,28.1,9.3,7.4,5.1,7,9.6,1.9,2.5,5.3,2.9,4.5,89.3,16,0.177,0.043,0.82,0.4,0.25,0.12,0,0.2057,0.1393,0.3006,0.2483,0.0039,0.0855,0.0381,0.0052,0.0157,0,0.0638
42,0,1,0,7,0,1,4,64,39383,28477918.57,6.173423423,51.4,18.3,7.7,45.6,19.8,8.7,21.5,44.2,21.2,10.3,2.9,18.9,12,14.6,21.2,18.1,9.6,10.8,2.5,4.9,6.2,2.4,4.5,91.7,30.1,0.488,0.173,3.97,2.22,0.7,0.71,0.0604,1.3685,1.463,1.0745,0.4335,0.0242,0.0572,0.127,0.0059,0.2653,0.0533,0.2026
43,1,1,0,0,0,2,0,30,46700,29911047.06,7.616033755,50,21.9,8.2,30.1,25.2,14.7,10.2,49,0.6,39.3,1,45.4,38.8,30.1,16,17.3,8.9,9.1,1.3,3,5.7,2.2,3.9,89.6,42.8,0.161,0.099,0.86,0.41,0.22,0.14,0.0165,0.5328,0.266,0.3422,0.2535,0.0021,0.3267,0.0518,0.01,0.0364,0,0.1233
44,1,0,0,0,0,1,0,38,22716,19726845.26,6.908296943,47.4,21.6,11.1,34.2,22.8,10.3,62.4,4.9,24.4,6.9,1.4,55.1,36.1,25,20.6,15.9,9.1,7.6,1.5,3.5,4.6,1.9,2.8,73.9,48.3,0.141,0.088,1.88,0.89,0.52,0.62,0.03,0.812,0.497,0.6371,0.3846,0.0345,0.0423,0.0751,0.0103,0.1079,0.044,0.144
45,1,3,1,3,2,1,1,281,135749,81590414.93,7.75022749,55.84351487,22.22827424,9.881247744,27.47731843,26.6880279,13.70714922,6.804225445,1.511398979,88.69155648,1.274836647,1.679880515,52.63975794,8.542412099,15.99102977,17.15680852,21.6897863,11.5485661,8.232941679,1.625933156,2.729437418,5.386119235,2.212224768,3.434653662,85.4531142,34.39639408,0.158604292,0.101640741,2.593324518,1.242725177,0.64742709,0.585688587,0.081917231,0.797182979,0.848936703,0.870798176,0.439334492,0.046247259,0.071121661,0.058221681,0.008331927,0.243110851,0.04457249,0.175480943
46,1,12,2,17,2,3,13,208,119023,41145585.49,5.712121212,53.71201112,21.69429102,12.24774791,31.33573679,22.53273401,12.13873957,46.30179797,13.81592213,30.17807231,7.454958285,2.29849861,26.0192215,20.80600556,26.63903615,32.07657091,29.83753476,11.74324374,13.57477294,2.407506952,5.761260429,8.468767381,3.561260429,5.109008343,84.99549583,45.91531049,0.173210195,0.123762743,2.8328823,1.347177016,0.602101947,1.148978685,0.115654328,1.634639426,1.99585153,1.499206229,0.393524578,0.039610491,0.07286215,0.19334621,0.007003003,0.298709249,0.071028823,0.267033902
47,0,0,0,3,0,0,0,58,20756,16319725.25,5.179487179,54.6,31,11.3,27,22.9,7.6,67.3,1,30,0.7,1,34.2,24.9,37.8,44.7,55.4,18.4,11.4,1.7,5.6,6.2,2.4,4,85.4,61,0.145,0.13,2.76,1.56,0.59,1.2,0.1661,2.358,2.7938,1.8241,0.6333,0.0523,0.0858,0.1597,0.0128,0.2746,0.0747,0.2425
48,1,3,1,13,0,5,5,316,134587,148022171.2,6.848946961,55.78518059,28.79602785,11.47393582,26.41758714,22.93495731,10.40022365,26.75341303,3.973929131,66.30953212,1.848610193,1.204964818,30.61260894,10.90969336,23.56114409,34.49476101,32.3016116,14.60792424,11.49478702,2.536570397,4.246679843,7.343608224,3.207043771,5.112666156,88.91019043,50.4210258,0.150823824,0.132724409,3.809380029,1.795763335,0.858694302,1.260557855,0.131661007,1.518348411,1.494861917,1.31778735,0.488535451,0.048650194,0.064656834,0.13640788,0.005717873,0.294203867,0.051268232,0.276658576
49,0,3,0,5,1,0,0,22,43402,10894316.34,7.289473684,50.4,5.7,19.5,44.5,21.1,9.2,10.8,67.4,4.8,14.3,2.7,23.1,8.6,6.7,14.7,7.2,5.3,7.6,1.7,2.3,4.1,1,2.6,90.3,12.3,1.187,0.175,2.43,1.74,0.38,0.39,0.0252,0.9943,0.8041,0.5693,0.2426,0.0465,0.043,0.1321,0.0023,0.3099,0.0691,0.119
50,0,0,0,1,0,1,1,75,35367,40256794.73,6.611285266,56,25.7,11.7,24.8,26.2,11.4,24.2,3.6,68.8,1.8,1.7,36.4,8.6,19.6,18,26,14.4,12.5,3.1,5.4,6.7,2.7,4.2,89.2,36.1,0.088,0.062,1.69,0.85,0.49,0.57,0.0909,1.0845,1.2613,0.837,0.3291,0.0337,0.0764,0.0613,0.0038,0.2262,0.0325,0.1817
51,1,0,0,3,1,0,0,61,113713,54603013.02,7.009296058,48.55592588,19.05989201,9.214691372,35.96949074,24.89378083,10.91581789,40.61699102,8.29206775,1.261018529,47.93839491,1.937854951,68.79774696,56.65763897,29.02487666,19.01753098,14.85651245,6.014691372,7.122037058,1.707345686,2.275709901,4.030509265,1.5,2.576836422,73.4570524,45.66101853,0.203779629,0.099853086,1.363050926,0.764632716,0.321581789,0.203050926,0.029662192,0.758094899,0.328713538,0.652751152,0.221093241,0.017028796,0.220336728,0.048931049,0.028722037,0.067231096,0.036938395,0.088668364
52,0,0,0,0,0,0,0,17,44078,89615893.67,7.086170213,50.9,20.5,8.3,26.7,29.8,14.8,9.8,84,0.3,5.1,0.8,16.4,7.8,8.2,8,5.5,8.5,10.1,1.2,2.6,6.7,2,4.2,94.5,12.7,0.184,0.077,0.66,0.3,0.12,0.16,0.0231,0.6038,0.5266,0.365,0.2737,0.0023,0.015,0.0625,0.0015,0,0,0.1343
53,1,4,0,7,0,2,0,122,106012,45254807.16,7.857749469,54.6,23.6,10.3,31.3,24.4,10.4,17.7,22.2,47.5,9.8,2.8,47.6,27.2,20.3,20.6,27.5,10.6,8.9,1.8,3.1,5.8,2.5,3.8,83.7,40.6,0.125,0.091,1.75,0.92,0.33,0.47,0.0451,0.7158,0.6046,0.6815,0.3884,0.0271,0.0718,0.0892,0.0116,0.175,0.0391,0.176
54,0,0,0,1,1,0,0,117,72864,54341775.95,7.566191446,53.6,22.3,11.3,25.6,28.5,12.5,7.9,16.5,70.3,3.7,1.6,43.6,16.2,13.6,11.4,16.8,10.3,7.7,1.3,2.6,5,2.1,3.8,90.5,25.9,0.117,0.085,1.64,0.9,0.43,0.32,0.0433,0.3757,0.3868,0.417,0.3107,0.0229,0.0496,0.0464,0.0059,0.1372,0.0213,0.1212
55,4,3,1,8,3,7,1,160,204851,185203988.9,6.901589675,52.48350704,17.28433642,9.584966146,28.24354531,29.35111325,15.5720265,16.34603004,19.49555628,3.824975226,57.60150597,2.740816496,60.7040239,50.35128606,22.32813362,18.9941909,14.51279174,9.128382092,8.579934684,1.551690741,2.745432046,5.487615877,2.392844555,3.898094225,79.12660617,50.26262308,0.220599773,0.065470386,1.199264295,0.649916281,0.289881133,0.186763599,0.020128426,0.420236418,0.216910925,0.512666833,0.280716628,0.008405453,0.43431407,0.067855311,0.016910711,0.031498743,0.006340336,0.105408338
56,0,2,2,4,0,0,3,307,80052,21307758.22,7.542605661,52.73361065,27.83379054,12.16670414,30.19986509,22.36636686,7.466591715,71.39993254,5.166254435,19.16744616,3.066411832,1.166614201,40.60002249,35.16681657,36.56722131,38.13437516,48.50029231,16.60008994,12.83340828,2.9,5.866726628,7.533340828,2.333318343,4.633340828,81.39982012,59.83412782,0.167341053,0.11866974,2.933327337,1.38667716,0.626674911,1.043383551,0.131267738,1.853819158,2.078468603,0.9827929,0.357606858,0.049466749,0.110168076,0.153435612,0.01,0.256108275,0.068068278,0.21340371
57,1,0,0,3,1,3,0,88,85251,57827751.79,7.148325359,53,17.7,5.5,31.6,27.2,17.9,14,56.2,2.7,25,2.2,47.3,23.5,7.4,10.2,7.6,6.8,10.9,1.9,3.6,6.7,2.9,5.5,91.3,20.4,0.181,0.067,0.83,0.52,0.15,0.09,0.0086,0.3687,0.2074,0.3811,0.2546,0.0116,0.0886,0.0624,0.0063,0.0311,0.0152,0.0935
58,1,2,1,3,1,3,1,42,28721,16482821.84,6.932291667,54.3,18,11.4,37.9,20.7,11.9,21.5,28.2,37.8,8.8,3.6,21.9,11.9,18.1,24.1,21.9,13.3,9.6,1.5,3.6,5.9,1.8,3.6,88.8,30.6,0.345,0.136,3.84,2.33,0.71,0.56,0.0698,1.4421,1.1322,0.9143,0.3886,0.0492,0.0588,0.0903,0.0081,0.2211,0.0418,0.2217
59,1,6,2,2,0,0,0,53,84439,67119995.31,5.987767584,52.4,20.5,7.3,30.9,27.3,14,16.8,64.3,1.7,14.5,2.7,34.6,22,14.3,17,12.9,8.7,9.6,2,3.3,5.7,2.3,4.2,89.6,28,0.269,0.123,1.14,0.57,0.22,0.18,0.029,0.5649,0.3308,0.4508,0.251,0.0106,0.0827,0.072,0.0087,0.0379,0.0089,0.1345
60,0,6,0,0,0,0,0,26,39073,61939768.65,7.185295751,51.76871497,20.12514012,8.208827067,26.20614491,29.53877102,15.92111688,11.91016815,37.27429939,2.202682159,46.13530827,2.377542037,47.8802242,32.34971976,14.0197758,10.2665933,7.771397128,9.002682159,8.570056049,1.692514012,2.061228982,4.892514012,1.853742994,3.607485988,86.46737389,27.17139713,0.16868715,0.066625701,0.91136309,0.489251401,0.230614491,0.080748599,0,0.245310409,0.155451962,0.321783367,0.271873959,0.002525921,0.127232626,0.029414191,0.006002682,0.016653743,0,0.09587542
61,0,1,0,0,2,2,0,9,22327,45666940.57,7.130325815,54.6,15.1,7.9,21.4,30.9,24.5,8.1,49.1,4.3,34.6,3.8,34.7,15.3,9.3,7.5,4.2,8.7,14.5,2.7,4.1,8.8,3.3,5.9,92.7,17.3,0.121,0.054,0.71,0.42,0.15,0.06,0,0.2745,0.2523,0.3849,0.181,0.0044,0.021,0.0294,0.0045,0,0,0.1033
62,0,0,0,1,0,0,0,29,32778,30016735.51,7.304347826,50.5,21,9,29.6,27.2,13,35.9,57.4,0.9,4.7,1.1,30.5,16.6,16.4,12,6.8,8,8,1.3,2.6,4.8,1.6,3.7,87.9,24.2,0.198,0.134,1.19,0.62,0.24,0.25,0.0185,0.5804,0.4169,0.3858,0.3808,0.0061,0.0312,0.0523,0.0041,0.061,0.0092,0.1414
63,0,12,1,2,1,0,5,134,74526,42509225.91,7.344578313,51.9,18.8,6.6,43.9,22.2,8.6,18.5,65.1,5.2,6.7,4.6,17.6,8.4,7.5,7.6,4.8,6.1,5.9,1.2,1.8,3.4,1.3,2.3,90.8,8.8,0.484,0.102,1.55,1.01,0.29,0.17,0.0193,0.6422,0.5655,0.4704,0.2304,0.0148,0.0294,0.055,0.0004,0.1073,0.0275,0.0887
64,0,5,0,6,2,0,1,16,27396,7526926.613,7.378947368,55.6,6.8,16,44.2,20.9,11.9,7,73,4,12.8,3.2,18.8,4.1,2.9,9.2,5.2,7.9,6.2,1.7,2.3,3.4,1.5,2.6,94.4,5.5,0.679,0.186,2.3,1.68,0.31,0.15,0.0433,1.2903,0.9903,0.7585,0.1614,0.0329,0.0401,0.0666,0.0012,0.2172,0.0821,0.1131
65,1,1,0,7,0,0,0,59,90764,67119897.63,7.291445124,52.20746111,19.6696752,8.163778591,28.25198537,26.03898903,17.80746111,11.85667886,50.11612534,3.378700806,32.98038429,1.668110705,54.2878454,46.87641356,26.55631748,18.18303292,24.60036138,10.53778591,11.79879688,2.669675202,4.101564497,7.971239699,3.869675202,6.333453792,86.01456084,47.67244282,0.17954753,0.103519854,1.291335772,0.69393504,0.299566789,0.227833943,0.029987726,0.595171262,0.437036248,0.446816615,0.254569195,0.013821542,0.219504447,0.132088568,0.010258243,0.03579952,0.004427196,0.143315165
66,0,2,0,0,0,0,0,14,32185,35321996.12,7.279069767,51.4,10.3,7.2,50.5,22.8,9,12.3,77.7,1.8,5.4,2.9,32.7,19.8,9.4,12.5,6.1,6.9,6,1,1.7,3.6,1.3,2.4,81.1,16.7,0.668,0.217,1.78,0.92,0.44,0.24,0.0299,0.9515,0.5112,0.4909,0.2341,0.0146,0.0234,0.0969,0.0041,0.1818,0.0342,0.1731
67,1,0,0,0,0,0,0,27,22484,37752552.87,7.056547619,55.9,25.3,16.4,27.1,21.3,9.9,28.8,27.7,29.4,10.8,3.2,28.2,14,19,20.9,21.5,11,8,1,2.4,4.7,1.8,3.6,90.6,34.9,0.049,0.04,1.17,0.49,0.32,0.6,0.1149,0.9262,0.8595,0.7432,0.3664,0.0263,0.1151,0.0698,0.0133,0.1445,0,0.1899
68,2,3,1,6,1,2,11,262,156154,52146697.52,7.014876033,52.99788158,20.48267095,11.76309348,33.92681199,23.42060978,10.40681379,36.68205425,10.25047581,47.12678318,2.665076783,3.223510765,29.15672349,18.68597987,24.81477708,30.16700629,29.89177415,14.22703869,13.9405337,2.946067984,4.601565122,9.5183588,3.059713488,5.339236267,83.50364512,40.39981108,0.134933393,0.10874942,2.331775171,1.171070866,0.520234768,1.142543771,0.104762227,1.366707678,1.754044564,1.00890795,0.366816673,0.076516566,0.087933361,0.146142459,0.00661956,0.462989266,0.122953732,0.221254439
69,2,2,1,5,0,0,1,31,41972,18362149.83,6.094339623,46.1,6.1,9.2,45.3,28,11.5,20.7,58.2,5.2,13.2,2.7,30.7,12,8.1,12.4,8.8,7.8,10.4,2.3,2.6,6.1,2.1,3.3,88.2,20.8,1.015,0.224,3.36,2.12,0.51,0.35,0.0267,0.8445,0.7712,0.7741,0.2443,0.1092,0.0625,0.136,0.004,1.1496,0.33,0.1275
70,0,0,0,3,0,2,2,111,38793,16457634.82,4.905172414,52.7,32,11.7,27.8,21.1,7.4,65,1.5,32.5,0.4,0.6,37.4,32.3,35.9,43,55.7,18.4,16.7,5.2,7,9.6,3.5,5,85.3,59.4,0.139,0.113,1.96,0.89,0.6,1.08,0.1389,1.9336,2.7285,1.3368,0.4491,0.0613,0.1252,0.1746,0.0043,0.2243,0.0567,0.2679
71,0,0,0,1,0,2,0,26,21294,22887772.77,7.54770318,54,19,11.5,26.2,30.1,13.1,10.5,2.5,63.9,15.7,7.5,46.1,9.7,16.9,11.6,19.5,15.1,11.7,2.4,3.5,7.1,2.4,3.7,85.2,33.9,0.099,0.085,1.75,0.75,0.51,0.62,0.0555,0.7524,0.4254,0.8028,0.4509,0.0097,0.0518,0.0515,0.0141,0.1456,0.0164,0.1498
72,0,0,0,0,0,0,0,16,28103,51013708.64,7.144736842,51.6,20.6,6.4,26.6,29.5,17,7.6,40.9,1.9,46,3.6,44.8,29.1,8.8,9.3,7.3,6.6,8.4,1.8,1.6,5.4,1.5,3.2,88.4,23.5,0.089,0.039,0.75,0.46,0.18,0.07,0,0.3194,0.2528,0.4412,0.1747,0,0.1197,0.0467,0.0071,0.0249,0.0107,0.0844
73,0,1,0,1,0,0,0,16,28742,64546803.16,6.738916256,54.6,19.1,6.4,25.4,27,22,19.6,73.2,2.2,2.8,2.2,18.9,9.6,14.1,8.9,8.5,9.5,13.1,2,4.6,8.4,4.1,7,93.3,14.2,0.129,0.056,1.21,0.74,0.16,0.24,0.0227,0.3634,0.439,0.4923,0.2544,0.0036,0.0201,0.0779,0.0012,0.0261,0,0.133
74,1,1,0,2,0,0,0,66,30042,89023936.44,6.958250497,53.1,27,11.3,27.5,25.9,8.3,36.9,23.4,29.4,8.7,1.5,25.2,12.3,17.3,21.1,24.2,8.6,9.5,1.4,3,5.9,1.7,3.3,88.7,39.8,0.15,0.097,1.69,0.69,0.36,0.74,0.0865,1.0364,0.9165,0.6756,0.3698,0.0161,0.0493,0.0977,0.0022,0.1365,0.01,0.1867
75,0,1,1,5,0,0,4,73,26780,49729963.38,7.2,51.9,29.2,13.5,29.9,18.6,9,74,1,23.3,0.4,1.3,28.2,33.8,41.4,42.7,54.5,18.3,14.9,2.7,7.7,7.9,3.1,5.6,82.7,59.2,0.254,0.19,4.94,2.17,1.44,1.34,0.1934,2.3381,2.8474,1.1981,0.4057,0.0397,0.1254,0.3304,0.0025,0.4313,0.0784,0.231
76,0,1,0,2,0,1,1,82,105083,47856882.63,7.320261438,49.8,19,9.7,31.9,26.5,12.8,55.3,16.1,1.8,24,2.8,62,44.1,23.6,18.4,15.2,9.4,7.7,1.5,2.7,4.8,1.7,3,76.7,39.7,0.205,0.089,1.6,0.85,0.32,0.29,0.0308,0.6804,0.2737,0.4238,0.212,0.0476,0.0734,0.0553,0.0155,0.1042,0.0547,0.1028
77,0,9,2,16,0,1,2,198,135469,131322757.4,6.95825534,52.03871587,26.3738693,10.84835793,28.80154943,23.50236955,10.4738538,26.46454244,1.929961098,47.47365449,15.44015384,8.731695812,45.4073921,20.64106844,24.83229374,20.33644081,27.96712237,15.27508434,10.43093475,2.681750068,3.754892263,6.141742391,2.252665185,4.217188434,83.11263979,43.07997402,0.177920513,0.124668064,3.022467576,1.317375636,0.660218869,0.889565436,0.07996144,1.043891549,0.768223004,0.828690048,0.434837592,0.025344628,0.063201675,0.120927287,0.00812108,0.16717412,0.026924435,0.169880676
78,0,0,0,3,0,1,0,15,25818,42789975.42,7.120547945,55.3,19.4,9.6,24.9,29,17.2,16.2,22.8,25.2,30.7,5.2,49,20.9,13.5,12.8,8.4,7.2,10,1.5,3.1,6.3,2.8,4,89,27.2,0.07,0.074,1.37,0.88,0.27,0.15,0.0233,0.341,0.3109,0.4616,0.2643,0.0114,0.0408,0.0346,0.0052,0.0387,0.0213,0.1101
79,0,0,1,0,0,1,1,20,37013,15893305.16,7.645669291,50.5,27.6,9.6,30.4,22,10.5,16.2,49.8,6.9,23.3,3.7,44.6,36.3,19.2,25.4,20.9,7.5,9.9,1.7,3.5,7.1,3.1,4.8,84.2,49.2,0.113,0.086,1.06,0.58,0.29,0.22,0.0276,0.7388,0.235,0.5059,0.2548,0.0053,0.1276,0.0922,0.0117,0.054,0.0108,0.1419
80,2,0,0,2,0,0,0,25,23145,20568333.55,6.178571429,51,18.2,7.4,33.8,27.3,13.5,25.1,47.5,6.9,17.9,2.7,42.2,20.9,10.6,11.8,8.9,7.6,9,1.8,3,4.8,2.2,3.7,90.3,25.4,0.156,0.095,1.05,0.51,0.29,0.14,0,0.4723,0.2376,0.4778,0.2492,0.0298,0.0654,0.0738,0.0043,0.0929,0.0324,0.1051
81,0,0,0,0,0,1,0,68,38081,37888713.92,7.299270073,52.2,23.8,10.8,26.7,25,13.6,12.3,52.1,7.2,24.3,4,40.2,23.3,12.2,13.8,9.4,8.2,9.2,1.8,2.6,5.8,2.4,3.6,90.6,30.7,0.097,0.071,0.84,0.5,0.17,0.16,0.0189,0.334,0.2572,0.5002,0.2846,0.0078,0.1037,0.0644,0.0044,0.0394,0.0131,0.113
82,2,3,0,4,0,10,3,269,111309,62043297.93,6.948871696,52.76547359,22.26430298,10.77768195,29.83100917,24.11120035,13.13229388,59.16027635,18.20146709,16.35841127,4.356101483,1.95077487,37.33364598,26.4156079,24.7284685,23.75163194,29.78227726,13.95726401,11.25721011,2.118666954,4.81020223,6.455170741,2.278914553,3.765814085,84.48196013,43.39855088,0.145294576,0.085184792,1.703783342,0.89802343,0.398655904,0.430371488,0.062463926,1.144330628,1.028384006,0.697817162,0.285524923,0.028478271,0.071610841,0.095123111,0.004821111,0.14462425,0.0359636,0.180482257
83,0,9,0,7,2,0,3,21,47514,14485874.84,5.435483871,54.7,8.9,12.8,43.7,21.2,13.5,11.5,63.6,5,16.1,3.7,24.3,9.6,4.5,12.5,4,5.5,6.4,0.7,1.8,4,1.4,2.8,94.3,8.9,0.568,0.137,2.02,1.38,0.36,0.4,0.0738,2.2084,2.2884,3.371,0.2088,0.0394,0.0532,0.2054,0.0042,0.1821,0.0452,0.1165
84,0,0,0,1,0,0,0,55,26847,39784921.96,6.95766129,55.9,21.5,9.2,24.9,28.6,15.8,4.4,1.2,90.6,1.1,2.7,36,4.6,12.6,5.5,14.5,8.1,10.2,1.5,3.3,6.4,2.4,4.3,89.2,20.2,0.101,0.06,1.83,0.72,0.49,0.43,0.0461,0.4159,0.4147,0.7119,0.4748,0.0223,0.0337,0.0307,0.0037,0.1583,0.0186,0.0874
85,0,1,1,6,0,0,0,19,18393,23317033.19,6.685446009,52.7,22.2,12.2,32.1,24.5,8.9,39.1,16.6,23.7,17.6,2.9,38,28.8,28.4,34,33.4,15.6,10.9,1.8,4.5,5.2,2.4,4.7,81.8,55,0.37,0.185,3.29,1.49,0.67,0.96,0.0832,1.5447,1.0899,0.8201,0.4334,0.0354,0.0606,0.1529,0.0127,0.2256,0.0272,0.2215
86,1,2,0,3,0,1,4,76,27438,10732451.82,7.310344828,52,29.8,12,29,20.9,8.3,74.5,1.3,22.6,1,0.6,31.9,36,43.7,38.5,53.6,12.7,14.8,2.8,9.1,8.2,2.7,5.5,83.5,60.1,0.23,0.157,3.39,1.79,0.82,1.21,0.1336,2.3089,2.5539,1.1366,0.2958,0.0289,0.0833,0.1581,0.0109,0.2515,0.0856,0.2475
87,1,0,1,8,0,2,5,108,74835,23297284.25,5.838028169,54.1,16.4,9,30,27.4,17.2,39.3,22.5,9.4,25.4,3.3,31.6,30.9,30.9,28.2,35.5,11.2,18.2,4.1,7.7,12.1,5,7.7,90,47.3,0.223,0.076,1.76,0.89,0.32,0.6,0.0605,1.1502,1.2408,1.0508,0.2564,0.0373,0.1564,0.109,0.0151,0.2111,0.0488,0.193
88,3,3,0,10,1,3,0,144,147633,120712628.6,7.410863168,52.29664777,21.46820291,8.10568843,25.67413045,27.91944958,16.87551293,7.351565029,71.75066076,3.463579958,16.11359994,1.320594312,46.34992786,31.43697751,13.98039056,16.29394648,16.96046412,9.28115462,12.0004457,2.983744149,4.759685843,8.498999546,4.383188041,6.396663348,91.97174615,36.70073154,0.184897848,0.094174643,1.49150488,0.860324182,0.311002689,0.193384745,0.02463552,0.5008977,0.368413282,0.455091066,0.282432458,0.009901433,0.100523426,0.11585328,0.005654457,0.02539042,0.006119628,0.147881438
89,0,1,0,2,0,0,2,112,51422,17732688.73,7.713286713,52.2,20.9,10.3,32,26.6,10.2,76,13.8,7.1,1.5,1.5,48,39.9,29.8,26.9,37.4,16.5,10.8,2.2,4.3,5.9,3.1,4.8,82.9,40.9,0.204,0.119,1.65,0.88,0.36,0.39,0.0423,0.9638,0.7338,0.5854,0.2817,0.024,0.0337,0.0682,0.0032,0.1877,0.0408,0.1072
90,0,0,0,8,1,0,2,125,40426,17271780.96,7.119047619,56.1,31.7,11.8,28.3,19.3,8.9,64.5,2,31.5,0.6,1.4,30.2,32.3,41.5,40.8,56.1,16.1,15.4,3.1,6.7,9.9,3.1,5.1,83.9,61,0.19,0.158,2.97,1.57,0.64,1.37,0.185,2.3088,3.0325,1.2375,0.4315,0.0392,0.1085,0.2028,0.0041,0.3228,0.0841,0.2806
91,1,0,0,0,0,1,0,30,38169,57684905.23,7.159041394,52.2,18.3,6.9,27.5,28.4,19.1,17,74.1,0.7,7.4,0.7,32.6,17.4,14.9,9,4.9,7.9,9.1,1.2,2.8,5.7,2.1,4.3,90.7,18.8,0.149,0.079,0.85,0.57,0.12,0.15,0.0141,0.5395,0.3142,0.3359,0.2758,0.0052,0.0308,0.0774,0.0017,0.0262,0.0105,0.1313
92,0,6,1,9,0,0,1,59,77303,47580697.81,6.715907902,54.09168338,7.414149516,10.38986456,40.18432014,22.82399648,19.1876693,7.129540898,70.49197185,2.668928761,17.41663325,2.392925242,27.84894635,7.204014074,2.659081795,8.83632718,3.54062973,4.776003519,6.940918205,1.1,2.246462621,3.807074758,1.480306068,2.216921724,95.18460862,8.093878633,1.873177134,0.439832542,7.322348292,5.137167639,0.924158312,0.205200704,0.015279729,0.669247758,0.511476859,0.494858896,0.203247216,0.034011842,0.053333931,0.079240806,0.003921224,0.205678815,0.056282389,0.092977045
93,0,0,0,5,0,1,2,59,72662,53581669.59,7.844573917,51.14455699,27.01480967,10.43860753,24.1455699,24.12873441,14.22772151,7.804936556,78.70582147,3.263418293,8.798102172,1.4,36.18924197,28.31696347,13.9,22.32974732,21.51987421,8.98911398,10.78911398,2.116835485,3.911898929,7.4,3.62177204,5.58911398,89.95544301,38.39607635,0.084,0.04933671,1.065645592,0.584455699,0.271683548,0.194455699,0.014238864,0.487432073,0.364906355,0.533192314,0.235904191,0.008080254,0.093220642,0.098450133,0.004132658,0.016479497,0.011709116,0.121344941
94,1,0,0,1,0,0,0,41,48103,69463730.92,7.094949495,51.6,24.3,8.5,25,27.3,14.9,9.1,70.2,12.3,6.7,1.7,27.5,13.8,9,7.7,7.7,9.7,8,1.2,2.7,5.1,2.3,3.8,93.1,18.3,0.118,0.067,1.37,0.89,0.22,0.14,0.0187,0.4719,0.3062,0.3383,0.2833,0.0042,0.0246,0.0639,0.0014,0.026,0.0083,0.1241
95,0,1,0,3,1,1,1,65,55450,20155869.19,7.24137931,55.1,11.8,26.2,30.4,20.3,11.3,22.1,47.7,11.5,15.2,3.5,30.1,12.5,11.7,24.2,10,7.3,9.3,1.6,3.4,6.1,2.6,3.5,92.6,17.6,0.18,0.056,1.5,0.92,0.31,0.35,0.0258,0.9197,0.8041,0.6832,0.2665,0.0329,0.0715,0.0936,0.0048,0.2083,0.0577,0.1181
96,0,3,2,3,0,0,2,136,39894,16891753.48,7.054054054,53.7,30.1,11.5,27.7,22.5,7.9,61,1.3,35.5,0.5,1.7,32,29.9,37.4,36.2,49.8,15.8,13.8,2.9,6.3,7.6,2.6,4.8,85.8,60,0.143,0.143,2.43,1.18,0.67,1.38,0.1511,2.1631,2.8835,1.5872,0.4009,0.0455,0.1381,0.2036,0.005,0.3108,0.0865,0.271
97,0,1,0,12,0,0,1,125,54487,41898533.07,6.329004329,52.4,31.2,12.9,28.4,19.2,8.4,71.9,1.3,25.3,0.8,0.7,27.5,36.1,42.9,46.4,54,14.8,17.7,3.7,8.1,10.9,4,6.7,81.4,63.3,0.235,0.154,3.4,1.54,0.52,1.39,0.1974,2.589,2.5439,1.0047,0.3904,0.0418,0.0722,0.2263,0.008,0.2909,0.0606,0.2922
98,0,3,0,11,1,1,4,194,52999,14716710.52,6.784037559,52.4,28.2,12.4,28.2,24.4,6.8,69.3,1.6,26.3,1.2,1.6,45,37.2,35.5,38.8,48.6,18,14.1,3,6,8.6,3.2,5,83.4,62,0.194,0.151,2.28,0.99,0.6,1.14,0.1366,1.881,2.2236,0.9984,0.4174,0.0653,0.1566,0.1434,0.0101,0.2613,0.0547,0.2202
100,0,0,0,0,0,0,1,14,20461,55429450.87,6.946551724,51,21.5,7.9,25.6,31.1,14,11.8,79.3,1.2,7.3,0.4,22.9,12.3,8.5,6.4,8.4,7.4,11.3,0.9,3.9,6.9,2.2,4.2,93.9,22.5,0.279,0.127,1.26,0.51,0.41,0.32,0.0477,0.6996,0.6221,0.7115,0.306,0.0048,0.0528,0.0621,0.0016,0.0342,0,0.1702
101,2,1,0,0,0,2,0,15,31472,184881509.2,7.349573691,52.8,19.7,8.6,22.4,31.5,17.9,10.8,71.7,1.8,14.7,0.9,27.2,13.4,11.9,7.1,7.4,5.4,10.6,1.1,3.8,7.3,3.6,4.9,91.8,19.8,0.099,0.057,1.05,0.6,0.15,0.16,0.0235,0.4264,0.3451,0.4133,0.3838,0.0032,0.0252,0.0665,0.0074,0.0159,0,0.1313
102,2,1,0,0,0,4,2,33,27264,49048279.36,5.953020134,54.3,19,12.1,22.1,25.2,21.8,19.7,64.4,6.6,8,1.4,21.4,9.4,8,8.5,6.1,7.5,10.6,1.9,3.5,5.6,2.1,4.4,94.7,13,0.092,0.04,0.85,0.56,0.15,0.07,0.0144,0.4845,0.3041,0.8548,0.3006,0.0215,0.0304,0.0414,0.0037,0.0257,0,0.1671
103,0,8,0,2,3,3,0,101,41804,15724928.47,6.918367347,53.6,28,11.1,31.3,20.2,9.4,57.6,11.2,17.4,11.4,2.3,42.4,34.2,27.7,29.4,37.8,14.3,13.2,2.4,5.2,7.1,2.6,4.3,84.6,52.5,0.136,0.103,2.3,1.2,0.56,0.5,0.1012,1.8936,1.8099,1.0172,0.3113,0.0284,0.0706,0.13,0.0096,0.2045,0.0682,0.2328
104,0,0,0,0,0,0,0,21,22856,25028981.77,7.096866097,51,23.8,9.6,28.6,26.5,11.5,39.7,25.5,6.1,23.7,5.1,41.2,21.7,21.3,16.1,19,11.1,11.3,2.7,3.5,6.1,2.3,4.4,87.1,34,0.162,0.123,2.09,1.23,0.39,0.37,0.0266,0.6039,0.4291,0.3793,0.2479,0.0045,0.0516,0.0842,0.0088,0.0547,0,0.1285
105,0,0,0,1,0,0,1,93,36844,15084986.14,5.643243243,50.8,26.7,10.2,30.3,23.7,9,66.2,2.3,24.6,4.4,2.5,37.9,31.8,38.3,34.8,42,14.2,12.3,3,5.1,7.1,2.7,5.1,78.4,48.8,0.125,0.109,2.12,1.06,0.63,0.85,0.1048,1.4809,1.5871,0.7766,0.2715,0.0409,0.0904,0.1112,0.009,0.1954,0.0475,0.1919
106,1,10,1,10,3,2,1,89,60528,59334955.22,6.825315746,52.13425357,24.93265927,8.908164816,31.07783836,23.15291601,11.87900476,47.1497274,30.42418385,10.98950238,9.883670367,1.552916006,33.17433915,24.19183518,23.52332805,20.99257368,22.83499207,12.52216164,11.0517496,2.398833598,4.251749603,6.693001586,2.741251983,4.041251983,85.33308717,35.1524881,0.184629857,0.122524881,1.708790808,0.927391125,0.410699841,0.345758162,0.05319755,1.17640419,1.051019581,1.034364519,0.270856919,0.013050583,0.060637635,0.111018662,0.004423756,0.098311975,0.025613569,0.165190124
107,0,0,1,2,0,0,0,23,19229,36422143.41,6.19955157,50.9,24.7,9.9,28.9,25.6,10.9,31.3,43.2,17.4,5.3,2.9,23.7,14,13.8,23.2,21.4,6.4,10.3,1.5,3.9,5.3,1.9,3.5,87.9,32.2,0.255,0.146,2.12,0.78,0.48,0.68,0.0969,0.9182,0.8882,0.8161,0.2852,0.0457,0.0317,0.0749,0.0069,0.0962,0,0.2333
108,0,0,0,0,1,0,0,17,28853,141057788.3,6.902723735,49.5,21.3,9.8,23.9,29.5,15.4,6.3,89.5,0.5,3,0.7,14.2,6.6,8.9,7,3.8,5.6,8.1,0.8,2.3,5,1.8,3.2,96.2,11.5,0.114,0.055,0.63,0.26,0.15,0.13,0.0253,0.4917,0.4953,0.3819,0.2041,0.0035,0.0297,0.0699,0,0.0225,0,0.1417
109,0,0,0,0,0,0,0,29,20228,10230580.61,7.207792208,51,13.9,6.1,48.3,21.9,9.8,10.5,51.1,26.5,7.8,4,24.4,6.9,7.1,9.9,7,6.4,5.5,0.7,1.4,3.2,0.7,1.3,90.9,14.2,0.47,0.129,1.61,1.03,0.34,0.31,0.0272,0.8753,0.6363,0.5058,0.3003,0.024,0.0289,0.0519,0.0066,0.1384,0.0321,0.1143
110,0,2,1,4,2,3,1,101,69695,31638973.31,7.515837104,55.6,22,9.9,30.2,24.3,13.7,9.6,11.7,74.2,2.2,2.3,45.4,10.8,18.2,23.4,24.3,15.1,9,2.1,3,5.6,2.3,3.5,84.9,33.1,0.162,0.106,2.45,1.23,0.56,0.72,0.0909,1.2649,1.1907,1.2949,0.4073,0.0418,0.0601,0.0866,0.0091,0.2762,0.0768,0.1907
111,0,0,0,1,0,2,0,61,56705,69533432.55,6.786090622,52.4,20.4,10,27.9,28.9,12.8,17.6,6.2,49.3,17,10,51.1,17.4,17.1,10.8,14.5,13,9.6,1.9,3.4,5.7,2.2,3.7,86,27.2,0.106,0.079,1.51,0.72,0.25,0.38,0.0494,0.5577,0.3401,0.5496,0.3971,0.0256,0.0562,0.0482,0.0094,0.0996,0.0194,0.1104
112,1,0,0,1,0,1,1,65,32841,56030444.6,7.330097087,50.7,28.1,10.5,27.3,24.1,10,31.5,25.1,35.4,3.8,4.1,22.2,11.9,16.4,27.7,28.5,9.9,11.1,2.2,4.5,6.3,2.3,4.4,88.8,41.6,0.216,0.171,2.23,1.03,0.65,1.01,0.1546,1.556,1.377,1.378,0.4139,0.0386,0.0486,0.1095,0.0071,0.1538,0.0198,0.2674
113,0,1,0,2,0,1,2,59,40307,44601379.4,6.610648918,52.5,18.1,5.3,43,23.6,10,20.9,60.3,10.3,5.5,3,16.8,9.2,11.8,15.1,13.6,8.2,10.6,2.2,4.3,6.8,2.2,3.9,91.1,18.3,0.474,0.114,2.03,1.15,0.44,0.34,0.0359,0.9965,0.7768,0.3899,0.3073,0.0098,0.027,0.0903,0.0033,0.1141,0.0236,0.1407
114,0,2,0,1,0,0,0,39,26490,19941713.21,6.17535545,53.5,15.2,5.1,30.8,30.4,18.4,18,45.7,1.9,31.1,3.3,58.7,35.7,10.1,10.1,11.4,7.7,11.9,2.7,3.7,7.5,3.7,5.6,86.5,31.4,0.2,0.109,1.11,0.69,0.27,0.11,0.0325,0.3577,0.1815,0.4741,0.2534,0.0107,0.1364,0.0884,0.0101,0.0434,0.0189,0.0948
115,0,1,0,3,1,1,0,66,64049,50978395.76,6.956081081,51,23.4,11.2,29.9,26.5,9,35,11.1,8.5,30.8,14.5,56.9,24.3,26.3,16.2,18.3,10.2,9.2,2.6,3.3,5.2,2.2,3.7,81.6,43,0.206,0.126,1.75,0.92,0.44,0.42,0.0496,0.8699,0.3562,0.561,0.3275,0.016,0.0538,0.0853,0.0109,0.0726,0.0101,0.132
116,0,0,0,0,0,0,0,10,21575,55961883.87,7.660162602,54.3,20.6,7.4,23.2,27.7,21,12.6,80.2,3,2.7,1.4,16.6,8.4,9.4,5.5,7.8,7.6,11.9,1.6,3.8,6.5,2.7,4.9,95.1,15.9,0.042,0.037,0.71,0.27,0.17,0.22,0.0452,0.7746,0.689,0.6454,0.2895,0.0046,0.0087,0.0803,0,0.0162,0,0.1621
117,0,1,0,2,0,0,0,47,70234,50495176.26,7.357274401,50.5,23.5,10.5,32.6,23.9,9.4,48.5,40.4,2,7.8,1.3,44.7,29.5,23,20.1,11.4,8.1,6,0.8,2.2,3.5,1.3,2.3,79,34.5,0.288,0.177,1.66,0.9,0.41,0.31,0.0271,0.7487,0.4523,0.4108,0.3172,0.0213,0.0638,0.0849,0.0071,0.0712,0.0157,0.1359
118,1,0,1,1,0,6,0,66,36226,61894959.37,6.564971751,53.6,28.8,9.9,25.1,24.7,11.4,25.1,17.6,49.7,4.1,3.5,26.8,13.4,25.5,26,33.3,14.7,16.7,6.1,6.1,8.7,3.8,4.8,88.4,48.3,0.08,0.055,2.82,0.88,0.7,1,0.112,0.9636,0.7543,1.4238,0.3477,0.0434,0.0474,0.1015,0.0018,0.1905,0.0235,0.2999
119,0,0,0,0,0,0,0,45,26989,61569261.51,6.118965517,56.1,24.8,10.4,26.9,28.1,9.7,7,5.4,82.9,3.5,1.3,40.9,7.6,11.9,8.7,16.8,6.6,6.5,1,2.8,3,1.4,2.7,89.1,22.4,0.082,0.063,1.69,0.87,0.38,0.43,0.0342,0.2283,0.311,0.458,0.3824,0.0074,0.0339,0.0371,0.0012,0.1019,0.0278,0.0666
120,0,0,0,0,0,0,0,8,21050,64963357.57,6.891304348,52.1,23,8.7,26.8,29.6,11.9,7.8,86.4,0.4,4.8,0.7,11.5,5.5,8.5,12.7,7.1,6.1,7.1,1.3,1.5,3.4,1.2,2.7,96.2,12.7,0.071,0.029,0.7,0.29,0.14,0.14,0.022,0.4772,0.579,0.4005,0.2148,0.0048,0.022,0.0792,0,0,0,0.1241
121,3,1,0,2,0,3,0,27,29229,38782030.92,4.562913907,53.1,22.5,12.2,21.2,24.9,19.3,24.9,32,29.8,11.6,1.8,34.4,32.3,28.6,37.1,49.1,20,22.1,5,11.1,14.4,8.4,12.2,91.1,66.8,0.239,0.106,3.22,1.55,0.68,0.89,0.0997,1.6634,1.8448,1.6763,0.4926,0.033,0.0824,0.1713,0.0046,0.1813,0.0222,0.3284
122,0,1,0,1,0,1,0,81,36966,16253358.5,6.942028986,51.3,27.4,11.5,27.8,22.6,10.8,62.2,2.1,24,7.1,4.6,42.5,34.7,41.2,35.5,41.7,13.5,10,1.7,3.5,6.6,2.5,4,78.9,53.8,0.203,0.135,2.59,1.46,0.63,0.86,0.1269,1.317,1.5425,0.5314,0.2906,0.0405,0.088,0.1053,0.0099,0.1691,0.0365,0.2126
123,0,1,0,0,0,0,1,90,83286,82461393.41,6.622174381,51.5,21.9,11.2,28.4,27.9,10.5,20.8,5.9,22.9,24,26.5,56.5,11.3,25.4,14.1,17.9,11.6,9.2,2,3.4,5.7,2.3,3.9,81.5,35.3,0.157,0.084,1.9,1.05,0.37,0.41,0.0361,0.8164,0.2984,0.445,0.3447,0.0157,0.0386,0.0627,0.0048,0.048,0.015,0.1279
124,0,0,0,0,0,0,1,78,48556,71716927.45,6.326294202,57.29538677,23.60504984,10.67662081,26.8,26.21789274,12.70043661,9.672444188,1.417892742,85.43304226,1.735785485,1.584413873,30.95741824,5.597256776,14.7128429,12.50779306,15.56652113,12.32063597,12.08528709,2.202743224,4.02842903,7.249064997,2.377057418,4.397693385,90.05137161,25.90735645,0.074004366,0.069871571,2.193073565,0.948441387,0.543073565,0.59128429,0.041130299,0.408804308,0.428392273,0.533797257,0.417483294,0.028564215,0.041442145,0.066036346,0.004812843,0.155497133,0.023656421,0.154029055
125,0,1,0,1,0,1,0,109,53797,77412747.39,7.210352423,54.7,22.7,10.2,25.9,28.3,12.8,7,1,88.1,1.7,2.2,35.8,5.6,12.6,9.3,16.6,13.6,10,2.3,3.2,6,2.8,3.7,87.4,24.7,0.1,0.084,2.2,0.79,0.59,0.67,0.0687,0.5656,0.5275,0.703,0.3722,0.0224,0.0474,0.0644,0.0025,0.2026,0.0214,0.1479
126,0,1,0,0,0,2,0,34,26596,46432646.47,7.68707483,49.8,23.4,10.2,29.4,24.9,12,30.4,37.9,19.3,10,2.5,31.7,22.1,19.4,19.8,24.1,7.6,10.3,1.5,3.5,5.9,2.5,4.8,85,42.6,0.29,0.199,1.97,0.94,0.63,0.79,0.114,1.3366,1.2708,0.9908,0.4164,0.0223,0.0505,0.1176,0.0025,0.1316,0.032,0.2747
127,0,0,0,0,0,0,0,5,21761,5582283.102,1.592592593,57.6,9.2,15.5,34,23.7,17.7,7.9,72.6,3.4,13.6,2.4,19.3,4.8,2.4,11.1,1.6,4.6,8.6,0.8,2.1,5,1.7,3.3,93.2,4.1,0.028,0.014,0.38,0.31,0.03,0.05,0,0.486,0.3083,0.39,0.1783,0.028,0.0303,0.0495,0.0015,0.1654,0.0368,0.0947
128,1,1,0,2,0,1,0,59,90544,138054976.4,6.309380379,50.76448136,16.71099134,7.853065913,40.73848737,24.20443541,10.39301997,31.66004594,43.44797667,1.776745008,21.23848737,1.876745008,48.12622371,31.11396006,16.1236791,13.55349002,7.853914119,7.234670436,7.482028627,1.358773635,2.28245273,4.005707722,1.805707722,2.75264181,79.7517936,28.55750133,0.403989574,0.166771691,1.585919774,0.861839548,0.352325499,0.200570772,0.021841226,0.747450133,0.387256194,0.414934052,0.287043665,0.023137215,0.082609913,0.07989537,0.011807828,0.091696254,0.034247394,0.127819208
129,0,10,5,8,1,1,8,128,129044,77161134.52,6.83914001,48.25064629,24.48830786,10.69350764,35.58009206,21.42553858,7.768830786,46.93553672,14.16104584,2.230738353,35.07267909,1.512553858,52.54110846,53.61686247,46.81037011,31.77055423,32.05150801,10.66276929,8.5,1.874892285,3.412553858,4.718615356,1.8,3.712553858,77.50086172,66.30557174,0.274281532,0.107922151,1.465541521,0.789350764,0.329350764,0.3412123,0.039070153,0.843904927,0.444807424,0.521963318,0.336436428,0.012927291,0.780322833,0.089470643,0.018346308,0.061229475,0.018214738,0.124221661
130,0,0,0,1,0,2,0,62,49311,88439963.78,5.497093023,51.4,21.9,11.5,26.6,25,15.2,41.5,43.3,8.8,3.7,2.8,16.4,11.7,18,16,15.6,9.9,12.2,2,4.1,7.6,2.6,4.5,90,21.1,0.172,0.085,1,0.54,0.25,0.24,0.0495,0.8152,0.6945,0.4583,0.2377,0.0126,0.0344,0.0657,0.0027,0.0679,0.0172,0.1669
131,0,6,0,4,1,1,0,158,43878,19255162.9,6.954545455,53.4,31.1,12.4,27.4,20.2,8.8,69.5,1.6,26.9,1,1,30.7,27.1,40.9,45.3,55.4,23.3,14.1,2.2,5.8,8.7,4,5.6,84.7,62.4,0.164,0.157,2.79,1.53,0.65,1.17,0.1817,2.535,3.0036,1.5736,0.5261,0.0584,0.1051,0.1625,0.0091,0.2564,0.0877,0.316
132,0,0,1,7,0,0,0,41,42082,25032687.95,6.959064327,50.1,14.3,10.1,41.2,22.9,11.5,6.3,65.9,2.2,21,4.7,26.3,10.5,9.2,10,7.4,5,6.2,1,1.9,3.9,1.4,2.4,94,15.3,1.214,0.254,3.59,2.27,0.6,0.14,0.0111,0.4375,0.3281,0.2748,0.1422,0.0211,0.1735,0.087,0.0087,0.1533,0.0356,0.0835
133,0,0,0,2,0,1,1,39,27952,23945209.8,5.464052288,52.6,25.5,11.8,29.9,23.3,9.4,62.2,4.8,15.7,14,3.3,33.2,25.6,27.6,22.8,29.1,16.3,10.5,2.5,4,5.6,1.8,3.1,85.7,44.7,0.19,0.14,1.91,1.11,0.52,0.47,0.0781,1.167,0.9393,0.5479,0.2547,0.0179,0.0536,0.0832,0.0072,0.1324,0.0608,0.1869
134,0,0,0,8,0,0,4,184,52773,21255545.08,5.163865546,54.6,26.9,13,28.2,24.4,7.4,65.4,1.3,30,1.7,1.7,38.1,33.3,31.8,41.5,51.6,19.6,15.9,3.6,7.2,9.4,3.1,4.9,82.2,64.9,0.123,0.099,1.8,0.87,0.49,1.05,0.1367,1.8351,2.4082,1.3054,0.4342,0.0495,0.099,0.1677,0.0095,0.2823,0.054,0.2218
135,4,14,0,11,4,3,2,132,219382,55176043.9,5.935468605,56.74381809,14.24372829,5.036155655,38.03481279,23.68532468,18.97319425,7.819267761,78.03830305,2.853500287,9.098489849,2.18991394,22.56100136,5.974520699,3.318932273,7.215256493,3.722741611,4.732358626,7.201252154,1.291812455,2.173215669,4.4238479,1.708187545,2.393064609,95.10646635,5.388294846,0.325511113,0.08067831,1.092328906,0.769526488,0.159947489,0.078330173,0.016366815,0.590260415,0.370376083,0.423780043,0.17221747,0.014334363,0.031440401,0.060005448,0.003328885,0.069081076,0.022362372,0.094526648
136,2,0,1,7,1,2,3,147,196394,50185528.92,6.858178287,53.79763638,15.3925069,4.730374655,35.21123965,27.15325621,17.45187328,14.16489811,68.46409361,6.368644663,8.332738271,2.608876035,22.38224793,7.922881554,5.524264489,9.949509659,6.172391214,6.25700276,9.062132244,1.75700276,2.51775207,5.17475483,1.83925069,3.087377415,93.46311293,10.55089259,0.234556198,0.059532562,1.278599448,0.841636914,0.180887603,0.213550414,0.027244782,0.585760018,0.508386068,0.52708388,0.210858788,0.016704551,0.03546173,0.065171587,0.002187377,0.133913603,0.037706512,0.095781091
137,0,2,0,2,0,0,0,54,44266,39738785.99,7.012285012,53,22.5,10,28.4,26.3,12.8,18,16.3,60.1,3.4,2.1,42.2,7.1,16.4,15.5,17.2,13.4,10.1,1.8,3.5,6.3,2.5,4,86.2,28,0.131,0.09,1.8,0.91,0.57,0.43,0.0579,0.8785,0.8765,0.5818,0.3308,0.0228,0.0551,0.0666,0.006,0.1841,0.0395,0.1536
138,0,6,0,11,2,3,7,311,162955,45760171.75,6.108601365,49.96431101,17.17385168,12.44522966,33.10494738,24.72367463,12.50706698,69.15053113,17.96077506,8.295760793,2.819081341,1.828622012,47.64063637,38.63392348,30.2911675,24.10777515,35.34134454,13.72155503,11.41696174,2.4,4.695406707,6.814488049,2.802473689,4.366784695,83.8067129,40.03392348,0.17107067,0.091381627,1.433356939,0.79667847,0.309293302,0.492402872,0.042732512,0.954878179,0.789684518,0.727443872,0.308748062,0.048825091,0.055724034,0.078849474,0.003466785,0.251306024,0.069327565,0.114307426
139,1,2,0,2,1,2,1,24,18313,47137244.22,6.936018957,47.7,24.9,9.5,25.7,29,11,25,55.6,11.7,5.8,1.8,16.4,9.5,12.3,15.4,13,9.4,7.9,1,3.6,4.5,2,3.4,89.1,23.3,0.229,0.137,1.24,0.56,0.4,0.39,0.0767,1.848,1.36,1.4397,0.3089,0.0165,0.0403,0.0802,0,0.0355,0,0.1634
140,0,1,0,6,0,1,0,33,67521,24970650.3,7.227956989,50.3,8.6,10.1,43.5,24.1,13.7,5.9,80.6,2,8.5,3.1,18.2,3.3,1.4,6.9,2.4,5.3,6.5,0.9,2.4,3.3,1.4,2.4,95.6,4,1.022,0.151,3.35,2.31,0.48,0.1,0.0112,0.5153,0.3769,0.2891,0.1545,0.0296,0.0194,0.0508,0.002,0.2829,0.08,0.0771
141,0,1,0,0,0,0,0,50,29368,9184677.247,7.681318681,52.8,22,8.5,30.1,28.3,11.1,35.4,2.5,47.1,12.7,2.3,28.7,14.8,18.9,17,21.4,13.3,10.7,2.7,3.8,6.5,2.3,4.1,89.3,38.7,0.126,0.089,1.4,0.82,0.29,0.39,0.0635,0.9752,0.948,0.6468,0.3146,0.036,0.0991,0.0827,0.0102,0.1549,0.0681,0.1742
142,0,0,0,0,0,1,0,25,31948,69058532.01,6.603316327,51.1,19.6,7.7,24.6,28.1,20,16.2,64.1,0.5,17,2.2,33.1,24.3,13.6,6.6,5.7,7.6,9.3,1.8,2.6,5.7,2.3,3.9,90.5,17.6,0.185,0.066,0.89,0.51,0.19,0.12,0.0161,0.2419,0.228,0.3706,0.2122,0.0063,0.0611,0.0485,0.0063,0.0172,0,0.107
143,2,2,0,0,1,2,1,137,61934,36273595.34,7.228412256,54.7,26.3,11.8,26.2,24.6,11.1,24.8,2.5,68.8,1.3,2.6,39.1,10.1,22.6,23.9,30.8,18.5,13.3,3.4,6.4,7.5,2.5,4.6,86.2,43.5,0.102,0.111,2.09,1.04,0.63,0.73,0.0949,1.4243,1.6486,0.8384,0.3671,0.0448,0.0936,0.0822,0.0038,0.3302,0.0597,0.1948
144,1,3,2,7,0,1,2,128,117194,79592549.66,7.040238936,50.43899005,24.18353414,10.29656808,39.45012458,17.50804307,8.474703483,27.78645238,59.60267676,4.570587231,6.174133488,1.864434186,21.43147089,24.70231923,22.02182706,31.14169241,29.60818984,7.122307456,8.495701998,2.329378637,3.357318634,5.109559363,2.085865317,3.48985187,88.23502654,43.21847194,0.506815852,0.119513081,2.309692902,1.337834616,0.504453726,0.277364626,0.032642634,0.712743764,0.60596048,0.495587604,0.283954167,0.019711166,0.040093517,0.081153889,0.003426771,0.2094715,0.038820333,0.14759047
145,0,0,0,0,0,0,0,32,22033,14041668.19,6.958579882,52.9,20,8.3,36.3,24.2,11.2,14.3,66.2,5.4,10.9,3.3,22.4,13.4,9.5,10.2,7.5,6.2,8,1.3,2.3,4.7,2.5,4.5,93.4,13.7,0.259,0.104,0.84,0.47,0.2,0.13,0,0.5763,0.3892,0.246,0.2759,0.0134,0.0293,0.0492,0.003,0.0681,0,0.1111
146,0,1,0,0,0,0,0,54,61278,37000431.87,7.578947368,50.9,24.7,11.2,30,25.3,8.7,53.1,15.2,4.8,23.9,3,47,28.4,23.5,15.6,20.3,11.7,10.5,3,3.5,5.7,3.3,4.4,84.5,40.1,0.147,0.1,1.39,0.84,0.31,0.37,0.0447,0.5657,0.2697,0.4474,0.3072,0.0151,0.0613,0.0591,0.0087,0.0767,0.0245,0.1262
147,0,0,0,0,0,1,0,27,45804,28248218.43,6.890339426,48.8,18.5,8.8,36.3,25.7,10.6,36,22.3,1.3,38.2,2,57.8,39.2,22.4,14.8,10.7,7.5,7.2,1.4,2.3,4.5,1.3,2.7,76.4,35.7,0.26,0.122,1.37,0.76,0.3,0.2,0.0242,0.786,0.2622,0.439,0.279,0.0256,0.1288,0.0497,0.0189,0.071,0.0437,0.0952
