community,shape_area,area_num_1,shape_len,2000_POP,2010_POP,TOT_POP,UND19,A20_34,A35_49,A50_64,A65_74,A75_84,OV85,MED_AGE,WHITE,HISP,BLACK,ASIAN,OTHER,POP_16OV,IN_LBFRC,EMP,UNEMP,NOT_IN_LBFRC,WORK_AT_HOME,TOT_COMM,POP_25OV,LT_HS,HS,SOME_COLL,ASSOC,BACH,GRAD_PROF,INC_LT_25K,INC_25_50K,INC_50_75K,INC_75_100K,INC_100_150K,INC_GT_150,MEDINC,TOT_HH,OWN_OCC_HU,RENT_OCC_HU,VAC_HU,HU_TOT,HV_LT_150K,HV_150_300K,HV_300_500K,HV_GT_500K,MED_HV,AVG_VMT,OPEN_SPACE_PER_1000,Sfperc,Mfperc,MIXperc,COMMperc,INSTperc,INDperc,TRANSperc,Agperc,OPENperc,VACperc,NATIVE,FOR_BORN,POP_OV5,ONLY_ENGLISH,NOT_ENGLISH,LING_ISO,ENGLISH,SPANISH,SLAVIC,CHINESE,TAGALOG,ARABIC,KOREAN,OTHER_ASIAN,OTHER_EURO,OTHER_UNSPEC,highly_walkable_pop_pct,highly_walkable_emp_pct,assoc_plus_pct,in_lbr_frc_pct,PopDens,Birth Rate,General Fertility Rate,Low Birth Weight,Prenatal Care Beginning in First Trimester,Preterm Births,Teen Birth Rate,Assault (Homicide),Breast cancer in females,Cancer (All Sites),Colorectal Cancer,Diabetes-related,Firearm-related,Infant Mortality Rate,Lung Cancer,Prostate Cancer in Males,Stroke (Cerebrovascular Disease),Childhood Blood Lead Level Screening,Childhood Lead Poisoning,Gonorrhea in Females,Tuberculosis,Below Poverty Level,Crowded Housing,Dependency,No High School Diploma,Per Capita Income,Unemployment,OV65
DOUGLAS,46004621.16,35,31027.05451,26470,18238,20781,0.212309321,0.310812762,0.172465233,0.160001925,7.651219864,4.253885761,2.535970358,0.334266536,0.110533661,0.031807901,0.708243107,0.127760935,0.021654396,17871,0.546639808,0.464775334,0.081864473,0.453360192,0.028537855,0.41710033,13957,0.114064627,0.194812639,0.204986745,0.064770366,0.223257147,0.198108476,0.30916386,0.136275704,0.106971412,0.058823529,0.044923694,0.03095221,319.0697674,9590,1811,7779,1196,10786,418,704,547,142,247071.4286,7165.906979,8.483252913,0.066835089,0.15802921,0.003347463,0.048570137,0.219301489,0.000770662,0.316393542,0,0.070907431,0.115844977,0.786295173,0.172513354,19925,0.772003272,0.186805255,0.077185891,0.772003272,0.024012319,0.002839132,0.05471344,0.002598528,0.007170011,0.006929407,0.016649824,0.053414176,0.018478418,1,1,0.486135989,0.666217834,0.000451715,10.3,42.2,0.117,0.76,0.102,0.342,0.136,0.343,2.699,0.332,1.191,0.091,0.134,0.745,0.855,0.621,4.822,0,10.633,0.042,0.261,0.016,0.31,0.169,23098,0.167,0.14441076
OAKLAND,16913961.04,36,19565.50615,6110,5918,6645,0.333333333,0.184349135,0.233860045,0.149736644,6.696764485,2.30248307,0.872836719,0.337811203,0.025884123,0.048758465,0.896764485,0.021068473,0.007524454,4917,0.658938377,0.51027049,0.148667887,0.341061623,0.029692902,0.461866992,3874,0.155394941,0.237222509,0.257614868,0.066855963,0.154362416,0.128549303,0.344863191,0.18043366,0.102219928,0.044914817,0.046463604,0.038461538,282.9145729,2934,486,2448,273,3207,71,208,144,63,263265.3061,8067.038853,8.019721121,0.06902639,0.152697289,0.000383314,0.006141936,0.170415137,0,0.314901635,0,0.179323209,0.10711109,0.842889391,0.091045899,6206,0.812791573,0.121143717,0.016102333,0.812791573,0.044544771,0.001203913,0,0.001805869,0,0,0.004213695,0.010985704,0.058389767,1,1,0.349767682,0.793322734,0.000392871,17.5,63.9,0.135,0.75,0.115,0.545,0.189,0.206,1.597,0.145,0.887,0.126,0.082,0.545,0.542,0.437,4.354,0.003,16.554,0.067,0.381,0.035,0.405,0.176,19312,0.266,0.098720843
FULLER PARK,19916704.87,37,25339.08975,3420,2876,2439,0.161131611,0.193521935,0.148421484,0.236162362,16.11316113,6.232062321,3.73103731,0.497007042,0.030750308,0.070930709,0.891758918,0.004920049,0.001640016,2077,0.44727973,0.312951372,0.134328358,0.55272027,0.001444391,0.299951854,1815,0.263911846,0.363085399,0.170798898,0.073829201,0.075482094,0.052341598,0.320661157,0.150413223,0.055647383,0.024793388,0.035261708,0.003856749,233.5714286,1072,364,712,441,1517,265,81,5,10,115983.6066,7902.463211,3.236460406,0.06077441,0.060868245,0.008564364,0.036541775,0.043940457,0.074744707,0.574755616,0,0.024613029,0.115197397,0.913489135,0.043460435,2334,0.885608856,0.070930709,0.028700287,0.885608856,0.060270603,0,0.002050021,0,0.000410004,0,0,0.005740057,0.002460025,0.745870149,0.936175504,0.199955815,0.635124268,0.00012246,11.9,60.4,0.171,0.714,0.143,0.692,0.496,0.085,2.589,0.211,1.117,0.226,0.226,0.896,0.705,0.824,4.899,0.025,10.619,0,0.555,0.045,0.382,0.337,9016,0.4,0.260762608
GRAND BOULEVARD,48492503.16,38,28196.83716,28006,21929,22313,0.264823197,0.193250571,0.216958724,0.178774705,8.546587191,4.575807825,1.496885224,0.376959654,0.027024604,0.017344149,0.920808497,0.003943889,0.03087886,17566,0.60810657,0.497267448,0.110155983,0.39189343,0.018786292,0.461061141,14832,0.149339266,0.211502157,0.277170982,0.074973031,0.157160194,0.129854369,0.301442826,0.135113269,0.091423948,0.059937972,0.051375405,0.043082524,319.7013487,10121,2409,7914,2006,12329,879,953,463,114,193087.1212,9082.341974,3.993456955,0.056005225,0.229204564,0.006567984,0.038042947,0.101187058,0.007341973,0.339672484,0,0.020219273,0.201758491,0.904629588,0.021915475,20674,0.893694259,0.032850804,0.009949357,0.893694259,0.017792318,0.001299691,0.00116524,0.001120423,0,0,0,0.00815668,0.003316452,1,1,0.361987594,0.761223558,0.000460133,14.3,58.2,0.127,0.742,0.137,0.548,0.321,0.226,2.183,0.277,0.826,0.258,0.121,0.638,0.39,0.467,5.904,0.01,14.546,0.132,0.283,0.027,0.417,0.194,22056,0.206,0.146192802
KENWOOD,29071741.93,39,23325.16791,18363,17841,17189,0.184420269,0.275815929,0.184885683,0.17761359,10.07039386,5.369713189,2.286345919,0.376761942,0.169468846,0.023096166,0.682064111,0.092035604,0.033335273,14471,0.623039182,0.555524843,0.067514339,0.376960818,0.041254924,0.498652477,12674,0.074640997,0.121824207,0.175398454,0.067224239,0.241991479,0.318920625,0.260217769,0.130897901,0.09207827,0.05980748,0.087738678,0.093656304,440.8798283,9181,2986,6195,1246,10427,830,942,639,443,227738.5159,8361.182119,6.805665299,0.200570704,0.192230955,0.000689994,0.039071716,0.08115558,0.000911955,0.269058758,0,0.185636642,0.030673695,0.823026354,0.119495026,16201,0.807202281,0.135319099,0.040025598,0.807202281,0.023619757,0.005934028,0.048344872,0.004363256,0.00232707,0.006864855,0.015824074,0.014427832,0.013613357,1,1,0.628136342,0.746445498,0.000591261,12.2,51.1,0.114,0.776,0.119,0.257,0.152,0.309,1.964,0.342,0.455,0.174,0.089,0.491,0.462,0.315,3.979,0.004,6.102,0,0.231,0.023,0.342,0.108,37519,0.11,0.17726453
LINCOLN SQUARE,71352328.24,4,36624.60308,44574,39493,41715,0.176339446,0.321994486,0.249982021,0.159750689,5.223540693,2.394822006,1.574973031,0.350791031,0.642023253,0.167277958,0.038211674,0.111470694,0.041016421,35365,0.761034922,0.728856214,0.032178708,0.238965078,0.047928743,0.666987134,32285,0.076970729,0.120923029,0.130927675,0.042961127,0.380734087,0.247483351,0.088400186,0.112745857,0.094192349,0.074864488,0.097630479,0.098869444,717.3693086,18296,7552,10744,1407,19703,726,2121,2535,2057,355326.5694,9594.689266,1.92710545,0.136909536,0.211591722,0.021326617,0.033233893,0.233745574,0.025253391,0.278599319,0,0.050467676,0.008872271,0.695601103,0.225530385,38425,0.61148268,0.309648807,0.108450198,0.61148268,0.125038955,0.032434376,0.007263574,0.029365936,0.015006592,0.008558073,0.038115786,0.04012945,0.013736066,1,1,0.671178566,0.851231818,0.000584634,17.1,61,0.081,0.805,0.097,0.384,0.05,0.217,1.532,0.086,0.554,0.061,0.038,0.431,0.276,0.369,2.733,0.004,0.988,0.085,0.095,0.031,0.256,0.125,35503,0.068,0.091933357
WASHINGTON PARK,42373881.48,40,28175.31609,14146,11717,11502,0.37280473,0.237871674,0.167883846,0.147539558,3.642844723,1.964875674,1.782298731,0.292334096,0.007390019,0.02416971,0.93548948,0.00121718,0.031733612,7870,0.604447268,0.463913596,0.140533672,0.395552732,0.016772554,0.429479034,6491,0.177476506,0.311970421,0.279155754,0.051763981,0.124017871,0.055615468,0.331381913,0.174549376,0.088122015,0.033430904,0.033739023,0.006470498,253.8461538,4334,584,3750,1342,5676,301,199,57,27,129545.4545,6788.037152,8.810363887,0.015714991,0.132480835,0.005287431,0.021456036,0.047957518,0.009353165,0.236195831,0,0.358779002,0.172775191,0.866718832,0.014432273,10135,0.841940532,0.039210572,0.013823683,0.841940532,0.029299252,0,0,0.000521648,0,0,0.000434707,0.006085898,0.002869066,1,0.896178969,0.231397319,0.709302326,0.000271441,19.3,72.1,0.177,0.749,0.169,0.826,0.446,0.26,2.58,0.319,0.882,0.395,0.193,0.798,0.67,0.433,5.024,0.004,21.458,0.05,0.391,0.049,0.409,0.283,13087,0.232,0.073900191
HYDE PARK,45105380.17,41,29746.7082,29920,25681,26827,0.197524882,0.365378164,0.150519999,0.150035412,8.163417453,4.025794908,1.464942036,0.312027453,0.464196518,0.083721624,0.274574123,0.132664853,0.044842882,23926,0.615648249,0.574312463,0.040959626,0.384351751,0.040332692,0.513583549,17023,0.033954062,0.068789285,0.116195735,0.033719086,0.252658168,0.494683663,0.217881689,0.135874993,0.128943195,0.079774423,0.072960113,0.104858133,526.2711864,12602,4575,8027,1673,14275,1188,1408,1011,901,264959.0164,7210.298045,15.58916719,0.095511217,0.172056137,0.006235968,0.038700603,0.169456667,0,0.243640694,0,0.269991715,0.004407,0.762403549,0.198121296,25768,0.705334178,0.255190666,0.061244269,0.705334178,0.069407686,0.009579901,0.067432065,0.004174898,0.009542625,0.009281694,0.02079994,0.048421367,0.01655049,1,1,0.781060918,0.719507417,0.000594763,9.7,33.9,0.059,0.803,0.055,0.076,0.058,0.336,1.44,0.117,0.34,0.05,0.104,0.349,0.241,0.26,3.69,0,2.166,0.053,0.182,0.025,0.267,0.053,39243,0.069,0.136541544
WOODLAWN,57815179.51,42,46936.95924,27086,23740,23268,0.319537562,0.224170535,0.170663572,0.172468626,7.27608733,2.759154203,1.280728898,0.315384615,0.088146811,0.029869348,0.828562833,0.030556988,0.022864019,18010,0.523986674,0.431593559,0.092393115,0.476013326,0.024930594,0.395724597,13462,0.142103699,0.219655326,0.274773436,0.098276631,0.139280939,0.125909969,0.342371119,0.146189274,0.075025999,0.053335314,0.045387015,0.024587728,251.222597,9247,1970,7277,2763,12010,899,844,187,40,158884.2975,8098.715749,7.808502817,0.048228951,0.191460256,0.004842968,0.026756925,0.106598862,0.00284076,0.257392418,0,0.269657388,0.092221472,0.869348461,0.051401066,21424,0.84532405,0.075425477,0.021273853,0.84532405,0.021789582,0.002105897,0.013666839,0.001504212,0.000386797,0.002277806,0.002578649,0.017362902,0.013752794,1,0.9799779,0.38417743,0.674900071,0.000402455,15.1,60.1,0.174,0.733,0.163,0.511,0.311,0.329,2.413,0.239,0.821,0.25,0.115,0.698,0.58,0.6,4.443,0.016,13.82,0.174,0.283,0.018,0.376,0.179,18928,0.173,0.113159704
ROGERS PARK,51259902.45,1,34052.39758,63484,54991,55062,0.21125277,0.310849588,0.228106498,0.162453235,5.007082925,2.475391377,1.251316698,0.33972649,0.431404598,0.219243762,0.263720896,0.050706476,0.034924267,46136,0.702509971,0.648018901,0.053819143,0.297490029,0.035590428,0.602718051,38080,0.137368697,0.201917017,0.190703782,0.046008403,0.247741597,0.176260504,0.214784664,0.16664916,0.100919118,0.059742647,0.055540966,0.034926471,391.061828,24088,5746,18342,3485,27573,1903,2355,1030,425,192278.5548,7580.681501,1.39357587,0.124047504,0.316890006,0.018549535,0.051667977,0.068269668,0.042422128,0.315602446,0,0.058718759,0.003831977,0.67278704,0.269314591,51874,0.583487705,0.358613926,0.158221641,0.583487705,0.192691875,0.026333951,0.008227089,0.003813883,0.011096582,0.002524427,0.008717446,0.05386655,0.051342123,1,1,0.470010504,0.794075762,0.001074173,16.4,62,0.11,0.73,0.112,0.408,0.077,0.233,1.769,0.253,0.771,0.052,0.064,0.367,0.217,0.337,3.647,0.005,3.225,0.114,0.227,0.079,0.288,0.181,23714,0.075,0.08733791
JEFFERSON PARK,64868161.68,11,44011.95717,25859,25448,26808,0.210757983,0.198037899,0.214003283,0.217062071,9.015965383,4.96493584,2.032975231,0.4078053,0.653610862,0.221874067,0.008803342,0.092360489,0.023351238,22200,0.673963964,0.63527027,0.038693694,0.326036036,0.017162162,0.59972973,19787,0.110426037,0.252236317,0.199575479,0.081922474,0.233335018,0.122504675,0.086268762,0.095466721,0.091575277,0.084550462,0.098296862,0.067367463,714.5919421,10359,6559,3800,815,11174,497,2996,2824,215,291623.6162,13924.67335,0.850043272,0.336687766,0.118354176,0.006906382,0.038887655,0.017652679,0.033928005,0.352883677,0,0.089661249,0.005038411,0.65875858,0.279245001,25146,0.536220531,0.40178305,0.181960609,0.536220531,0.154468815,0.124962698,0.011712922,0.017009848,0.009474784,0.003021486,0.03375858,0.045844524,0.001529394,0.976898787,0.998290822,0.437762167,0.835220872,0.000413269,13.8,67.8,0.066,0.829,0.077,0.286,0.048,0.184,2.082,0.232,0.492,0.042,0.083,0.557,0.321,0.419,2.368,0.002,,0.071,0.064,0.019,0.344,0.135,27280,0.09,0.160138765
FOREST GLEN,89130893.64,12,74493.8216,18165,18508,19019,0.265050739,0.133708397,0.215626479,0.207792208,8.875335191,6.372574794,2.529049897,0.429872881,0.706872075,0.137388927,0.009884852,0.125926705,0.019874862,14654,0.659683363,0.634570766,0.025112597,0.340316637,0.028865839,0.592056776,13254,0.055153161,0.151350536,0.153236759,0.046023842,0.332126151,0.262034103,0.052210653,0.067074091,0.061641769,0.050098084,0.105779387,0.176022333,1103.654791,6797,6050,748,435,7234,372,942,2724,1972,424136.6642,16459.52238,2.698422645,0.401891042,0.016199483,0.002947172,0.023239373,0.020934808,0.005078265,0.29590747,0,0.230398328,0.003404058,0.744150586,0.189074084,17749,0.641674115,0.291603134,0.090751354,0.641674115,0.082601609,0.045638572,0.008833272,0.027078185,0.002681529,0.014511804,0.032914454,0.063199958,0.014143751,0.866441156,0.810544917,0.640243674,0.827563581,0.000213383,10,60.6,0.076,0.793,0.103,0.063,0.033,0.25,1.387,0.143,0.372,0.062,0.038,0.27,0.203,0.31,1.608,0,,0.022,0.061,0.013,0.406,0.063,41509,0.055,0.177769599
NORTH PARK,70288706.43,13,41581.94865,18514,17931,18842,0.244188515,0.209797261,0.188833457,0.151629339,9.898099989,7.33998514,3.317057637,0.384987894,0.519530835,0.167391997,0.028712451,0.249601953,0.034762764,15110,0.608802118,0.565982793,0.042819325,0.391197882,0.022700199,0.525413633,12931,0.126363004,0.189467172,0.164488439,0.052896141,0.306782151,0.160003093,0.117624314,0.110432294,0.076482871,0.064032171,0.064418838,0.070760189,560.8695652,6514,3193,3321,521,7035,314,1243,1295,301,302124.183,12545.36996,5.78007768,0.15545137,0.153594549,0.003231569,0.049120864,0.242300205,0.043586948,0.195969323,0,0.151565937,0.005179236,0.530782295,0.398206135,17504,0.396507802,0.532480628,0.2375544,0.396507802,0.115009022,0.04903938,0.016877189,0.036832608,0.061723809,0.030092347,0.038902452,0.152213141,0.03179068,0.893110637,0.799456374,0.519681386,0.80160108,0.000268066,10.9,54.2,0.097,0.791,0.102,0.105,0.03,0.204,1.437,0.219,0.589,0.031,0.054,0.347,0.146,0.267,3.173,0.004,,0.089,0.124,0.038,0.397,0.182,24941,0.075,0.205551428
ALBANY PARK,53542230.82,14,39339.01644,57655,51542,51992,0.255789352,0.269868441,0.224226804,0.156447146,5.006539468,3.025465456,1.334820742,0.336657332,0.300200031,0.479439144,0.046180182,0.144945376,0.029235267,41342,0.70688404,0.655459339,0.049828262,0.29311596,0.02222921,0.622006676,34480,0.215806265,0.245881671,0.147737819,0.053451276,0.219866589,0.117256381,0.101740139,0.106264501,0.087935035,0.063602088,0.067459397,0.053364269,581.2820513,16563,6738,9825,1677,18240,921,2652,2284,796,289763.289,11783.64945,1.660925123,0.246409856,0.240430963,0.028084954,0.06104993,0.043773182,0.016424311,0.336509071,0,0.022863511,0.004454222,0.511232497,0.419545315,48393,0.331435605,0.599342206,0.311990306,0.331435605,0.402138791,0.018618249,0.004712263,0.038986767,0.01475227,0.013348207,0.034312971,0.059316818,0.01315587,1,1,0.390574246,0.807083937,0.000971047,18.3,76.5,0.085,0.733,0.083,0.445,0.047,0.229,1.581,0.168,0.721,0.053,0.049,0.369,0.131,0.391,3.741,0.012,0.729,0.168,0.171,0.112,0.321,0.349,20355,0.09,0.093668257
PORTAGE PARK,110196097.1,15,46520.64214,65340,64124,64307,0.228824234,0.226724929,0.211889841,0.211065669,6.69445006,3.81451475,1.642122942,0.37947515,0.502651344,0.40765391,0.014010916,0.050694326,0.024989503,52439,0.697820325,0.648563092,0.048723278,0.302198745,0.019680009,0.621750987,45040,0.152531083,0.288232682,0.194227353,0.079240675,0.187655417,0.098134991,0.094515986,0.104440497,0.101820604,0.069871226,0.073756661,0.059347247,613.9254837,22689,13010,9679,2331,25021,1483,6388,4782,278,273610.5896,14621.00913,1.144386678,0.370056273,0.15861799,0.016659582,0.057603037,0.035612347,0.008595594,0.320935213,0,0.027694722,0.004225241,0.625701712,0.31663738,60599,0.406627583,0.535711509,0.2275491,0.406627583,0.315719906,0.11815199,0.003732098,0.028706051,0.01719875,0.002223708,0.006266814,0.037616434,0.006080209,1,1,0.365013877,0.82630994,0.000583569,14.2,66.1,0.069,0.798,0.087,0.417,0.033,0.233,1.687,0.159,0.482,0.047,0.047,0.449,0.148,0.379,2.873,0.005,0.877,0.04,0.123,0.044,0.346,0.187,23617,0.106,0.121510878
IRVING PARK,89611382.31,16,49083.22409,58643,53359,54606,0.22949859,0.256986412,0.24070615,0.178496868,5.585466799,2.911767938,0.933963301,0.357219722,0.417280152,0.434091492,0.027084936,0.087646046,0.033897374,44212,0.709943002,0.667986067,0.041029585,0.290056998,0.040848638,0.616868723,38704,0.144997933,0.226229847,0.175459901,0.06061389,0.259766432,0.132931997,0.082859653,0.135386523,0.09797437,0.065032038,0.071775527,0.069811906,595.3767123,20236,9595,10641,2290,22526,1149,3831,2821,1736,291451.0914,12749.05106,1.180333398,0.249267103,0.196261663,0.022959375,0.050651654,0.034570209,0.033295608,0.361320355,0,0.045997364,0.005676669,0.621946306,0.304581914,50594,0.44852214,0.47800608,0.211295462,0.44852214,0.335054756,0.032121012,0.003735853,0.039757536,0.018496136,0.001611545,0.010383474,0.032468959,0.004376808,1,1,0.453312319,0.813048424,0.000609365,15.8,67.1,0.077,0.799,0.102,0.37,0.041,0.299,1.694,0.192,0.602,0.057,0.053,0.413,0.179,0.42,3.335,0.006,1.596,0.093,0.108,0.056,0.316,0.22,26713,0.103,0.09431198
DUNNING,103595001.2,17,54555.99253,42164,41932,43689,0.232667262,0.197097668,0.195243654,0.211037103,9.498958548,4.580100254,2.316372542,0.410445933,0.644670283,0.2802765,0.018471469,0.050401703,0.006180045,35626,0.659181497,0.623421097,0.033627126,0.340818503,0.008589233,0.607112783,31426,0.125055686,0.319830713,0.228377776,0.083943232,0.169191116,0.073601476,0.08671164,0.108508878,0.084038694,0.083370458,0.088557246,0.045726469,659.4763092,15616,11505,4111,1008,16624,1367,7746,2148,227,237876.8441,14750.45236,1.048829685,0.425343616,0.058179863,0.009126936,0.028606141,0.150536865,0.012330594,0.26965191,3.61E-05,0.030835497,0.015352435,0.638902241,0.30016709,41027,0.44915196,0.489917371,0.190574286,0.44915196,0.197601227,0.198059008,0.004188697,0.025498409,0.006202934,0.000503559,0.004303143,0.051408821,0.002151571,0.940533384,0.985261997,0.326735824,0.811122492,0.000421729,12.5,64.7,0.068,0.827,0.099,0.199,0.037,0.237,1.915,0.259,0.425,0.052,0.049,0.539,0.244,0.32,2.339,0.001,,0.024,0.083,0.048,0.349,0.18,26347,0.086,0.163954313
MONTCLARE,27576393.63,18,22404.85214,12646,13426,13830,0.24736081,0.218293565,0.192190889,0.191395517,8.843094722,4.396240058,1.843817787,0.376241722,0.32791034,0.584815618,0.037454808,0.032393348,0.017353579,11122,0.607624528,0.560420788,0.045225679,0.392375472,0.008901277,0.540280525,9383,0.224661622,0.320260045,0.216775019,0.085793456,0.096983907,0.055632527,0.123201535,0.127997442,0.064052009,0.061920495,0.070233401,0.036342321,481.223176,4538,2826,1711,531,5068,356,1747,677,47,225464.8074,14282.28786,1.273575786,0.393553744,0.104921071,0.00920531,0.087129941,0.045062073,0.031317715,0.305132176,0,0.016515493,0.007162476,0.641576283,0.293853941,12937,0.315979754,0.61945047,0.264714389,0.315979754,0.446854664,0.119595083,0.000650759,0.00845987,0.001229212,0.00021692,0.009255242,0.032682574,0.000506146,1,1,0.23809083,0.748213438,0.000501516,17.1,83.5,0.083,0.776,0.088,0.615,0.086,0.299,1.51,0.154,0.896,0.065,0.046,0.334,0.219,0.403,3.155,0.009,,0.03,0.128,0.058,0.35,0.284,21257,0.108,0.150831526
BELMONT CRAGIN,109099414.7,19,43311.70738,78144,78743,79910,0.309035165,0.2232887,0.218583406,0.162632962,5.315980478,2.350143912,0.978600926,0.328903315,0.134463772,0.810687023,0.026317107,0.01954699,0.008997622,60172,0.678820714,0.616000798,0.062537393,0.321179286,0.011550223,0.592817257,49217,0.360729016,0.304630514,0.15295528,0.053721275,0.090862913,0.037080684,0.110490278,0.124387915,0.090761322,0.045715911,0.055306093,0.022451592,472.6293103,22105,11204,10902,2273,24379,2025,7327,1645,151,218502.2866,13727.45007,0.888154331,0.284247245,0.153852194,0.019260182,0.096747989,0.05852566,0.048454772,0.309710963,0,0.025864538,0.003336457,0.532261294,0.390664498,73751,0.162908272,0.76001752,0.342572895,0.162908272,0.681354023,0.050244025,0,0.013778,0.005030659,0.000437993,0.003353773,0.005068202,0.000750845,1,1,0.181722127,0.784830424,0.000732451,20,88.6,0.069,0.741,0.076,0.682,0.07,0.144,1.526,0.177,0.586,0.055,0.056,0.378,0.273,0.382,4.215,0.008,0.959,0.094,0.186,0.1,0.369,0.37,15246,0.115,0.086447253
WEST RIDGE,98429094.86,2,43020.68946,73199,71942,76215,0.272334842,0.223906055,0.196824772,0.179072361,7.165256183,3.823394345,1.797546415,0.352510075,0.42213475,0.187049793,0.120724267,0.22567736,0.044413829,58939,0.646787356,0.591425033,0.055362324,0.353212644,0.018391897,0.560918916,51002,0.17477746,0.217246382,0.156444845,0.054429238,0.249931375,0.147170699,0.11546606,0.13215168,0.082683032,0.052448924,0.064291596,0.046939336,498.5533454,25194,11738,13456,2991,28185,3321,3691,3655,1050,247506.3939,12110.68445,2.95752177,0.244835323,0.22646007,0.01209706,0.061967847,0.074809337,0.001143645,0.290145789,0,0.083434952,0.005105979,0.494443351,0.427776684,70287,0.383205406,0.53901463,0.25794135,0.383205406,0.141848717,0.043337926,0.010221085,0.022147871,0.038798137,0.007478843,0.035557305,0.175044283,0.064580463,1,1,0.451531313,0.771929824,0.000774314,17.3,83.3,0.081,0.711,0.083,0.299,0.058,0.202,1.559,0.173,0.605,0.037,0.051,0.36,0.142,0.347,3.314,0.01,1.41,0.089,0.151,0.07,0.383,0.196,21375,0.079,0.127861969
HERMOSA,32602059.41,20,27179.01744,26908,25010,24144,0.284294235,0.25898774,0.188369781,0.174411862,5.752982107,2.663187541,0.977468522,0.325810185,0.091327038,0.84778827,0.031187873,0.018223989,0.01147283,18519,0.690912036,0.63999136,0.050920676,0.309087964,0.017981532,0.617041957,15203,0.380517003,0.248832467,0.167993159,0.053739394,0.099585608,0.049332369,0.130960995,0.137341314,0.070446622,0.051305663,0.047227521,0.024600408,395.9064327,7022,3186,3836,770,7792,505,1997,601,83,228468.2081,13085.14868,0.704651509,0.223112411,0.195513376,0.019251756,0.035209475,0.025484201,0.149175782,0.32808322,0,0.020745517,0.003424262,0.565937707,0.350853214,22135,0.176068588,0.740722333,0.349652087,0.176068588,0.704108681,0.019797879,0,0.004928761,0.000372763,0.00111829,0.004307488,0.005425779,0.000662691,1,1,0.20265737,0.795030642,0.000740567,20.3,86.7,0.067,0.775,0.088,0.697,0.127,0.184,1.352,0.156,0.636,0.118,0.093,0.277,0.256,0.276,3.947,0.007,1.545,0.158,0.191,0.084,0.363,0.419,15411,0.129,0.093936382
AVONDALE,55290595.47,21,34261.9334,43083,39262,37368,0.22896596,0.328917791,0.209992507,0.133188825,5.962320702,2.718903875,1.21226718,0.327231579,0.343689788,0.575117748,0.020980518,0.041131449,0.019080497,30369,0.693404458,0.655141756,0.038262702,0.306595542,0.02716586,0.619414535,26184,0.234723495,0.228383746,0.151390162,0.053696914,0.210739383,0.1210663,0.114000917,0.134318668,0.089252979,0.059960281,0.062289948,0.049457684,517.026749,13335,4934,8401,1774,15109,511,2088,1759,523,291649.1043,12853.07505,0.874526544,0.127080881,0.245910853,0.027573492,0.079068924,0.021646219,0.103135043,0.3768838,0,0.006948016,0.011752772,0.611592807,0.325920574,35033,0.390922715,0.546590666,0.264557911,0.390922715,0.456326268,0.049534361,0.001177478,0.011373368,0.003131021,0.00032113,0.006342325,0.017903019,0.000481696,1,1,0.385502597,0.803702966,0.000675847,18.5,77.7,0.073,0.744,0.075,0.634,0.047,0.166,1.339,0.134,0.527,0.046,0.057,0.325,0.377,0.36,3.733,0.007,0.853,0.101,0.146,0.058,0.304,0.257,20489,0.093,0.098934918
LOGAN SQUARE,100057566.7,22,49213.42175,82715,72791,73046,0.209292774,0.377419708,0.227185609,0.118897681,3.953673028,2.065821537,0.700928182,0.318850202,0.459422829,0.435246283,0.050064343,0.032130438,0.023136106,60303,0.768535562,0.735834038,0.032485946,0.231464438,0.045006053,0.67973401,52189,0.111402786,0.190825653,0.122056372,0.053804442,0.330452777,0.19145797,0.10159229,0.102550346,0.092854816,0.074000268,0.091379409,0.096572075,703.3893986,29171,10850,18321,3223,32394,594,3202,4125,2799,363706.721,9716.676017,0.972002911,0.121052911,0.270460698,0.033316937,0.081929104,0.03081277,0.054516657,0.374174319,0,0.018038972,0.015697633,0.764901569,0.168113244,68153,0.602907757,0.330107056,0.151069189,0.602907757,0.285792514,0.013156093,0.00179339,0.005078991,0.002423131,0.002436821,0.002135641,0.014579854,0.002710621,1,1,0.576617311,0.852236947,0.00073004,18.2,63.5,0.072,0.782,0.094,0.661,0.086,0.092,1.487,0.137,0.757,0.102,0.043,0.377,0.175,0.319,3.644,0.009,2.09,0.084,0.172,0.032,0.267,0.185,29026,0.075,0.067204227
HUMBOLDT PARK,100480876.5,23,48583.06433,65836,56323,56427,0.330444645,0.246548638,0.193719319,0.145710387,5.12697822,2.429687915,0.801034966,0.302456774,0.061672604,0.561362468,0.351764226,0.006822975,0.018377727,41057,0.618920038,0.543731885,0.075188153,0.381079962,0.012056409,0.521981635,32889,0.289914561,0.30384019,0.20395877,0.055155219,0.104867889,0.042263371,0.184225729,0.144455593,0.075617988,0.051567393,0.03864514,0.016692511,359.4135802,16813,5959,10854,2814,19627,2365,2758,642,187,165928.0501,10413.44792,1.892664065,0.122197767,0.184570258,0.016700874,0.059036245,0.044720736,0.13963113,0.358280254,0,0.0080168,0.066845937,0.726797455,0.183281053,51353,0.447888422,0.462190086,0.187835611,0.447888422,0.446807379,0.004891275,0.000159498,0.00343807,0.000318996,0.00044305,0.002268418,0.002977298,0.000886101,1,0.93880195,0.202286479,0.72439135,0.00056157,19.2,80.7,0.123,0.709,0.117,0.779,0.29,0.263,2.111,0.266,0.941,0.227,0.098,0.48,0.525,0.535,4.477,0.013,12.347,0.097,0.326,0.112,0.383,0.368,13391,0.123,0.083577011
WEST TOWN,127562904.6,24,55203.7187,87435,82236,84502,0.160587915,0.445563419,0.231095122,0.10250645,3.827128352,1.691084235,0.506496888,0.321312524,0.609429363,0.251106483,0.066625642,0.044081797,0.028756716,72837,0.826969809,0.788129659,0.03884015,0.173030191,0.055548691,0.718934058,65691,0.089555647,0.103332268,0.112024478,0.03639768,0.415993058,0.242696869,0.08733312,0.078930143,0.080513312,0.070618502,0.102099222,0.151801617,887.6104764,37529,14808,22721,3367,40896,565,2459,6192,5333,420916.4969,10259.55295,1.627062201,0.076534338,0.234084583,0.04708703,0.055349687,0.045305866,0.065131311,0.37082375,0,0.082668336,0.023015098,0.78502284,0.152173913,79195,0.678125962,0.259070791,0.106896878,0.678125962,0.169321436,0.047572839,0.004201084,0.004236586,0.001254408,0.003171523,0.004236586,0.022378169,0.002698161,1,0.999831688,0.694455602,0.896667181,0.000662434,18.8,60.4,0.091,0.755,0.108,0.492,0.085,0.145,1.396,0.124,1.07,0.066,0.051,0.274,0.166,0.333,3.166,0.005,1.775,0.036,0.157,0.02,0.229,0.134,39596,0.06,0.060247095
AUSTIN,199254203.4,25,75226.47492,117527,98514,95260,0.278028553,0.218118833,0.180663447,0.19169641,8.136678564,3.923997481,1.088599622,0.35311228,0.046220869,0.130149066,0.808198614,0.005070334,0.010361117,74018,0.554405685,0.469210192,0.085195493,0.445594315,0.014307331,0.444459456,60916,0.212751986,0.350761705,0.220680938,0.074545275,0.092602929,0.048657167,0.207104866,0.137714229,0.07398713,0.04424125,0.038922451,0.019502265,328.4304285,31766,12886,18880,5482,37248,5605,5905,1095,265,162706.6748,10201.78239,0.69933427,0.209444933,0.173621673,0.013622455,0.045057916,0.045091215,0.109133712,0.321461534,0,0.043657742,0.03890882,0.873546084,0.051742599,88143,0.802372454,0.122916229,0.043963888,0.802372454,0.106361537,0.003506194,0,0.001637623,0.001900063,0,0.001070754,0.007243334,0.001196725,0.997556134,0.906325697,0.215805371,0.686323312,0.000478083,18,80.1,0.154,0.729,0.143,0.818,0.344,0.337,2.619,0.298,1.139,0.285,0.133,0.746,0.698,0.568,4.923,0.02,17.411,0.058,0.27,0.057,0.39,0.25,15920,0.21,0.131492757
WEST GARFIELD PARK,36092848.82,26,26238.54198,23019,18001,17163,0.349239643,0.210977102,0.170716075,0.156208122,5.173920643,4.684495718,1.421662879,0.291840836,0.022373711,0.020742294,0.944240517,0.002563654,0.010021558,12258,0.465410344,0.372409855,0.093000489,0.534589656,0.013379018,0.349078153,9623,0.275589733,0.37140185,0.245557518,0.057050816,0.036371194,0.013821054,0.293671412,0.123246389,0.07762652,0.037722124,0.016626832,0.005611556,232.5,5336,1375,3961,2137,7473,741,547,76,11,127708.3333,8356.896852,3.174896915,0.061184394,0.229847899,0.011499365,0.044268957,0.053820726,0.047036357,0.402697802,0,0.005942076,0.143702425,0.889646332,0.00705005,15390,0.873215638,0.023480743,0.007865758,0.873215638,0.019169143,0,0,0,0,0,0.000291324,0.003495892,0.000524384,1,1,0.107311926,0.579680376,0.000475524,20.1,88.4,0.17,0.714,0.175,1.149,0.4,0.547,2.915,0.314,1.182,0.36,0.19,0.653,0.75,0.77,5.161,0.014,31.933,0.065,0.403,0.089,0.425,0.262,10951,0.252,0.112800792
EAST GARFIELD PARK,53883220.85,27,31514.62596,20881,20567,19996,0.321164233,0.24074815,0.176885377,0.166633327,5.111022204,3.330666133,1.020204041,0.30493445,0.056011202,0.035957191,0.886627325,0.00725145,0.014202841,14740,0.495861601,0.404274084,0.091587517,0.504138399,0.017571235,0.38256445,11784,0.21520706,0.339528174,0.228954515,0.070264766,0.094025798,0.052189409,0.305074678,0.115665309,0.060336049,0.048964698,0.034368635,0.014171758,231.1616162,6818,1540,5278,1517,8335,640,751,105,40,172377.6224,8465.804858,4.22344441,0.047563149,0.168235405,0.007454884,0.031256214,0.066714092,0.060480677,0.33344187,0,0.147981363,0.136872346,0.900380076,0.021304261,18430,0.879975995,0.041708342,0.00985197,0.879975995,0.030106021,0.00260052,0,0.00070014,0.00035007,0.00275055,0.00230046,0.00090018,0.0020004,1,1,0.216419282,0.595086941,0.000371099,19.4,80.8,0.175,0.732,0.163,0.932,0.384,0.217,2.368,0.248,0.973,0.371,0.11,0.563,0.781,0.475,5.037,0.009,23.251,0.136,0.397,0.075,0.432,0.262,13596,0.164,0.094618924
NEAR WEST SIDE,158492466.6,28,53003.59294,46419,54881,62872,0.189225728,0.426199262,0.204526657,0.107822242,4.57437333,2.129723883,0.518513806,0.307896264,0.415479069,0.099328795,0.288697671,0.171459473,0.025034992,54543,0.706158444,0.646939112,0.058559302,0.293841556,0.037548356,0.599380305,42429,0.082302199,0.108039313,0.108180725,0.034787527,0.348841594,0.317848641,0.170284475,0.064201372,0.081241604,0.070470669,0.110301916,0.167244102,807.2742475,28162,10145,18017,3080,31242,608,3245,4418,1805,340623.9287,8316.880903,1.483719817,0.040265164,0.096513587,0.013075519,0.107995959,0.155967965,0.082591004,0.431889798,0,0.015294623,0.056406379,0.764346609,0.177646647,59225,0.714960555,0.227032701,0.063398651,0.714960555,0.0563844,0.011944904,0.049529202,0.005964499,0.004548925,0.01199262,0.020295203,0.060313017,0.006059931,1,0.903229783,0.701477763,0.788495499,0.000396688,18.2,55.6,0.09,0.776,0.105,0.367,0.127,0.334,2.02,0.192,0.623,0.093,0.091,0.662,0.336,0.435,3.967,0.005,6.292,0.141,0.216,0.038,0.229,0.112,41488,0.107,0.07222611
NORTH LAWNDALE,89487422.02,29,44959.45966,41768,35912,35947,0.324422066,0.249951317,0.165020725,0.162433583,5.510891034,2.890366373,1.415973517,0.293970431,0.026872896,0.087350822,0.869891785,0.002142042,0.013742454,26444,0.522500378,0.418393586,0.104106792,0.477499622,0.017357435,0.392376342,20442,0.249143919,0.302661188,0.270227962,0.059094022,0.083553468,0.03531944,0.267488504,0.142549653,0.069611584,0.037471872,0.026220526,0.009196752,263.6191199,11295,2913,8382,3426,14721,1532,1190,140,51,139741.8478,8638.589659,2.113930777,0.054800265,0.172095963,0.010096686,0.035104055,0.061707924,0.110911088,0.327066063,0,0.08345101,0.144766948,0.890755835,0.032520099,33189,0.846969149,0.076306785,0.026845077,0.846969149,0.065735666,0.001279662,0,0,0.001140568,0.001502212,0.000556375,0.002920967,0.003171336,1,1,0.177966931,0.617893621,0.000401699,20.6,86.3,0.153,0.758,0.152,1.089,0.467,0.458,2.615,0.348,0.992,0.376,0.141,0.617,0.54,0.702,5.657,0.014,25.299,0.093,0.386,0.072,0.409,0.304,12548,0.185,0.098172309
UPTOWN,65095642.73,3,46972.79455,63551,56362,57973,0.12816311,0.342521519,0.228347679,0.178341642,6.421955048,3.743121798,2.09752816,0.368018448,0.54511583,0.143584082,0.180894554,0.100253566,0.030151967,51647,0.712335663,0.664607818,0.046914632,0.287664337,0.042674308,0.61447906,46039,0.097721497,0.161363192,0.132778731,0.049306023,0.359195465,0.199635092,0.188253437,0.131779578,0.095918678,0.067334217,0.077434349,0.076587241,496.8090452,29341,8794,20547,3258,32599,1629,3601,2604,914,267795.3348,6887.604039,5.927515986,0.056986878,0.23693228,0.015989373,0.046728924,0.163844779,0.005896443,0.229145373,0,0.238954442,0.005521509,0.698808066,0.25724044,55425,0.602677108,0.353371397,0.16028151,0.602677108,0.127128146,0.037465717,0.008848947,0.012109085,0.011332862,0.008452211,0.028409777,0.063184586,0.056440067,0.999962209,0.897579622,0.60813658,0.81857531,0.000890582,13.1,50.5,0.083,0.777,0.103,0.351,0.054,0.213,1.833,0.205,0.8,0.046,0.065,0.505,0.252,0.417,3.537,0.005,1.708,0.136,0.227,0.046,0.222,0.136,32355,0.077,0.12262605
SOUTH LAWNDALE,127998297.9,30,49904.04521,91071,79288,74851,0.322908178,0.265367196,0.209656518,0.13570961,3.921123298,1.971917543,0.742809047,0.297583629,0.038155803,0.835152503,0.121588222,0.001897102,0.00320637,55816,0.505607711,0.461570159,0.044037552,0.494392289,0.014207396,0.442238785,43599,0.493910411,0.282712906,0.109658478,0.040092663,0.055689351,0.017936191,0.149842886,0.137159109,0.063373013,0.026674924,0.024908828,0.006857955,328.960396,17824,6363,11461,3141,20965,3070,3102,170,21,151835.0889,11382.27165,1.370382396,0.08103424,0.14873479,0.014631492,0.036603254,0.108277164,0.166294307,0.359886428,0,0.0087562,0.075782124,0.540019505,0.384390322,69193,0.206637186,0.717772642,0.336602049,0.206637186,0.712241653,0.001603185,0,9.35E-05,0.000788233,0.000614554,0.000267197,0.001963902,0.000200398,0.935863083,0.820481233,0.113718205,0.583322396,0.000584781,19.5,94.9,0.076,0.851,0.096,0.775,0.111,0.132,1.274,0.092,0.65,0.086,0.059,0.159,0.327,0.373,6.059,0.008,2.895,0.079,0.281,0.176,0.331,0.587,10697,0.115,0.066358499
LOWER WEST SIDE,81550723.64,31,43229.3727,44031,35769,32888,0.248418876,0.310599611,0.205971783,0.136128679,6.294089029,2.545001216,1.049014838,0.321210323,0.160180005,0.763682802,0.039163221,0.0244162,0.012557772,26397,0.677539114,0.630374664,0.047164451,0.322460886,0.017312573,0.600636436,22061,0.330356738,0.196772585,0.131045737,0.049771089,0.200036263,0.092017588,0.153030234,0.152576946,0.108064004,0.053034767,0.052490821,0.022347128,424.5755518,11947,3557,8390,1769,13716,944,1726,706,173,223532.2896,10056.32503,1.215329504,0.033687784,0.12080784,0.027609651,0.038704341,0.052797323,0.261955296,0.405618832,0,0.020235521,0.038583413,0.599945269,0.348120895,31180,0.26933836,0.678727803,0.277852104,0.26933836,0.645098516,0.005442715,0.006871807,0.002797373,0.005199465,0.001733155,0.00434809,0.005837996,0.001398686,1,0.899685561,0.34182494,0.789248113,0.000403283,16.5,68.2,0.045,0.808,0.088,0.49,0.117,0.272,1.413,0.119,0.619,0.117,0.054,0.278,0.143,0.392,5.89,0.008,0.923,0.114,0.272,0.104,0.352,0.443,15467,0.13,0.098881051
NEAR SOUTH SIDE,49769639.45,33,45053.1651,9509,21390,23620,0.150127011,0.334377646,0.254911092,0.165198984,6.545300593,2.535986452,0.457239627,0.357731305,0.468374259,0.052794242,0.234419983,0.215834039,0.028577477,20304,0.817917652,0.792553191,0.024773444,0.182082348,0.057574862,0.722813239,19179,0.033474112,0.069868085,0.130507326,0.032274884,0.351269618,0.382605975,0.116325147,0.070441629,0.103237916,0.078679806,0.13259294,0.199280463,941.5175613,13436,7230,6206,1336,14772,139,1749,3177,2093,379018.6916,10027.92772,15.32005461,0.050418655,0.08467358,0.007510984,0.281168602,0.042586872,0.019058657,0.29401436,0,0.147245406,0.073322884,0.737764606,0.210499577,22398,0.703471634,0.244792549,0.052751905,0.703471634,0.022607959,0.01596105,0.050635055,0.028916173,0.004530059,0.006223539,0.022650296,0.090050804,0.003217612,1,0.900966799,0.766150479,0.892037485,0.000474587,21.4,72.9,0.088,0.781,0.109,0.509,0.048,0.319,1.69,0.192,0.615,0.066,0.048,0.462,0.514,0.524,3.013,0.002,3.006,0.05,0.111,0.014,0.21,0.071,60593,0.057,0.095385267
ARMOUR SQUARE,27766196.1,34,31948.59884,12032,13391,13455,0.195763657,0.209290227,0.176588629,0.187439614,11.44555927,8.153102936,3.493125232,0.438337393,0.128428094,0.039985136,0.090523969,0.73073207,0.01025641,11580,0.571675302,0.505094991,0.066666667,0.428324698,0.015803109,0.474265976,9996,0.335234094,0.304421769,0.094437775,0.039115646,0.139755902,0.086934774,0.24969988,0.103841537,0.05992397,0.031612645,0.054921969,0.021008403,264.6621622,5209,1927,3280,517,5724,233,858,686,144,279523.8095,7679.484439,2.176483779,0.088038951,0.124307243,0.015466033,0.1404289,0.01764803,0.028293562,0.539095548,0,0.023562312,0.023159421,0.3737644,0.580676329,12842,0.290746934,0.663693794,0.488888889,0.290746934,0.019918246,0.003493125,0.617762913,7.43E-05,0,0.000371609,0.006391676,0.015533259,7.43E-05,1,1,0.265896451,0.798455,0.000484582,11.5,57.1,0.124,0.791,0.118,0.162,0.018,0.107,1.629,0.231,0.425,0.018,0.015,0.543,0.172,0.387,4.903,0.002,2.226,0.227,0.358,0.059,0.379,0.375,16942,0.116,0.230917874
NORWOOD PARK,121959105.5,10,80368.37438,37543,37023,37089,0.208067082,0.16298633,0.218609291,0.217827388,9.169834722,5.826525385,4.254630753,0.440142661,0.814742916,0.118013427,0.004448758,0.033190434,0.029604465,30546,0.643161134,0.613304524,0.02985661,0.356838866,0.022916257,0.581156289,27657,0.07585783,0.257403189,0.203275843,0.088078967,0.250677948,0.124706223,0.0899953,0.084535561,0.09686517,0.068445601,0.101059406,0.094551108,740.6937653,14809,11494,3314,1009,15817,1105,4210,5187,929,310471.2042,14196.29054,1.324893197,0.47174237,0.047752375,0.00469467,0.035020787,0.070588994,0.005499828,0.319857117,0,0.039974849,0.00486901,0.738062498,0.199304376,34766,0.65677155,0.280595325,0.102618027,0.65677155,0.070101647,0.122327375,0.003963439,0.015988568,0.015206665,0.000674054,0.003990401,0.043543908,0.004799267,1,1,0.463845768,0.816713828,0.00030411,10.4,59.6,0.049,0.894,0.083,0.034,0.047,0.207,1.808,0.189,0.473,0.087,0.044,0.445,0.264,0.452,1.631,0,,0.016,0.059,0.023,0.406,0.135,31659,0.073,0.192509909
NEAR NORTH SIDE,76675895.97,8,57293.16495,72811,80484,88893,0.090018337,0.413328384,0.179215461,0.158122687,9.955789545,4.655034705,1.320688918,0.348937348,0.714420708,0.05967849,0.090547062,0.112292306,0.023061433,82469,0.741769635,0.712752671,0.029016964,0.258230365,0.056663716,0.645309146,74553,0.023111075,0.053746999,0.098131531,0.033063726,0.408380615,0.383566054,0.118238032,0.077984789,0.10467721,0.092189449,0.121027994,0.22565155,937.0726029,55152,22713,32439,10027,65179,1061,5637,6386,7805,412367.1979,5747.159759,2.311321129,0.049026137,0.167825327,0.012891209,0.16900114,0.069032192,0.04713493,0.40778696,0.000559387,0.042471664,0.034271055,0.7967669,0.159247635,84983,0.775629127,0.180385407,0.039080693,0.775629127,0.043704229,0.021936485,0.021171521,0.005860979,0.005950975,0.00583848,0.013904357,0.056573633,0.005444748,1,1,0.825010395,0.847142921,0.001159334,10.7,35.9,0.086,0.697,0.096,0.34,0.037,0.24,1.427,0.151,0.27,0.032,0.065,0.336,0.151,0.22,3.112,0.001,2.444,0.055,0.134,0.02,0.233,0.034,87163,0.052,0.159315132
LOOP,46335565.46,32,39428.673,16388,29283,35880,0.148216276,0.411231884,0.190802676,0.148188406,6.652731327,2.906911929,0.596432553,0.328597231,0.619955407,0.06886845,0.109949833,0.173522854,0.027703456,33638,0.714370652,0.678637255,0.032582199,0.285629348,0.05490814,0.616683513,27133,0.017911768,0.050012899,0.095824273,0.041241293,0.382928537,0.412081229,0.099952088,0.066966425,0.081561199,0.094497475,0.143441566,0.221796337,1033.362793,19216,7613,11603,3820,23036,557,1548,3024,1957,379579.4134,6561.024298,6.000649128,0.007196683,0.075970362,0.000683806,0.201401369,0.032174467,0.000574432,0.40149001,0,0.235920825,0.044588046,0.732859532,0.230100334,34551,0.712486065,0.250473802,0.056772575,0.712486065,0.047435897,0.025557414,0.044899666,0.00738573,0.006939799,0.012792642,0.022268673,0.076031215,0.007162765,1,1,0.83625106,0.803217178,0.000774351,9.4,27.7,0.053,0.782,0.069,0.013,0.007,0.202,1.201,0.108,0.268,0.04,0.057,0.292,0.172,0.39,2.973,0.003,1.299,0.065,0.111,0.02,0.155,0.034,67699,0.042,0.101560758
SOUTH SHORE,81812716.4,43,44249.64612,61556,52010,50418,0.259966679,0.202031021,0.193839502,0.207009401,7.265262406,4.706652386,1.743424967,0.378588481,0.028938078,0.013090563,0.93845452,0.00535523,0.014161609,39871,0.572722029,0.466454315,0.106267713,0.427277971,0.019763738,0.439642848,33618,0.113153668,0.23888988,0.311886489,0.083021001,0.14545779,0.107591171,0.342792552,0.136950443,0.081801416,0.048753644,0.043756321,0.019810816,243.4464405,22654,4985,17669,6570,29224,2172,1867,735,204,163274.7069,8713.419463,4.046043422,0.198804367,0.248092924,0.010464647,0.050344819,0.038404554,0.007728438,0.325247494,3.83E-05,0.077103196,0.043771218,0.895334999,0.032190884,46764,0.87667103,0.050854853,0.018882145,0.87667103,0.017216074,0.001110714,0.000178508,0.00194375,0.000416518,0.000733865,0.002499107,0.010888968,0.015867349,1,0.996569079,0.327795962,0.696620984,0.000616261,15.7,67.9,0.138,0.719,0.134,0.659,0.334,0.324,2.46,0.251,0.954,0.3,0.114,0.7,0.548,0.532,4.703,0.011,17.186,0.117,0.315,0.029,0.376,0.149,18366,0.177,0.137153398
CHATHAM,82320670.31,44,42006.94501,37275,31028,31120,0.242737789,0.194633676,0.172268638,0.235989717,7.51285347,5.157455013,2.766709512,0.395525701,0.016356041,0.012371465,0.958515424,0.003566838,0.009190231,24778,0.615667124,0.498829607,0.116877876,0.384332876,0.023851804,0.460368068,21259,0.116562397,0.271320382,0.284491274,0.084670022,0.145067971,0.097840914,0.264405663,0.157627358,0.100898443,0.060397949,0.038760055,0.020885272,325.9680135,13668,5332,8338,3078,16748,2560,2340,320,84,152073.9405,9750.651981,1.741491395,0.279347864,0.135287639,0.009369262,0.094716866,0.036553046,0.024793792,0.362736629,0,0.018460648,0.038734254,0.904691517,0.020147815,28781,0.887114396,0.037692802,0.006233933,0.887114396,0.018508997,6.43E-05,0.000803342,0,0,0,0.000674807,0.006715938,0.010893316,1,1,0.327608172,0.753737462,0.000378034,14.4,71.3,0.154,0.725,0.156,0.682,0.452,0.419,2.135,0.241,0.732,0.379,0.109,0.515,0.479,0.503,4.183,0.005,18.963,0.082,0.253,0.022,0.4,0.137,20320,0.19,0.15437018
AVALON PARK,34852737.74,45,27630.82253,11147,10185,9985,0.232949424,0.175563345,0.156935403,0.230846269,10.20530796,6.629944917,3.535302954,0.440743802,0.006109164,0.006609915,0.971957937,0.003805709,0.011517276,8300,0.511325301,0.42,0.091204819,0.488674699,0.026024096,0.380361446,7070,0.138896747,0.256152758,0.303536068,0.063649222,0.159547383,0.078359264,0.177227723,0.134936351,0.085572843,0.067043847,0.056011315,0.027864215,413.9423077,3880,2563,1315,673,4551,1016,1456,45,47,161426.1168,11996.00199,2.859074403,0.380021598,0.034119467,0.003221757,0.056123678,0.053758216,0.015009151,0.391903414,0,0.035055327,0.030787392,0.906960441,0.016024036,9216,0.896745118,0.026339509,0.006009014,0.896745118,0.009714572,0.00010015,0,0,0,0.002003005,0.00430646,0.003004507,0.007310966,1,1,0.301472386,0.704114686,0.000286491,13.3,69.6,0.197,0.745,0.146,0.639,0.221,0.338,2.396,0.277,0.839,0.185,0.114,0.579,0.451,0.445,4.348,0.006,11.399,0.019,0.167,0.006,0.419,0.133,23495,0.166,0.203705558
SOUTH CHICAGO,93272185.01,46,52435.97943,38596,31198,28263,0.29476701,0.200438736,0.177511234,0.176768213,7.646038991,6.407670806,0.997770937,0.354315287,0.027987121,0.208222765,0.754236988,0.000530729,0.009022397,21701,0.59485738,0.473849131,0.121008248,0.40514262,0.010183862,0.449748859,17481,0.188032721,0.336479606,0.253761226,0.075567759,0.095646702,0.050511984,0.256392655,0.158171729,0.087981237,0.046564842,0.03329329,0.012871117,295.8068615,10406,4023,6383,3716,14122,2604,1123,132,109,119124.424,10708.90794,2.463540364,0.171513638,0.126718318,0.01126902,0.030754781,0.034227959,0.01610118,0.295155613,0,0.029379253,0.284880238,0.832289566,0.089445565,26051,0.740791848,0.180943283,0.071082334,0.740791848,0.156458975,0.001662952,0.000530729,0,0.000424583,0,0,0.009411598,0.012454446,0.877886886,0.883609608,0.221726446,0.735106519,0.000303016,18.1,82.2,0.13,0.753,0.151,0.768,0.369,0.319,2.273,0.211,0.869,0.337,0.177,0.509,0.563,0.506,4.934,0.016,17.747,0.069,0.28,0.059,0.431,0.282,15393,0.177,0.150514807
BURNSIDE,16995983.27,47,18137.94425,3294,2916,2254,0.169032831,0.218278616,0.154835847,0.193877551,15.03992902,8.030168589,3.327417924,0.460416667,0.004436557,0.014640639,0.974711624,0,0.00621118,1953,0.571428571,0.443932412,0.12749616,0.428571429,0.006656426,0.415770609,1671,0.140634351,0.372232196,0.271095153,0.07540395,0.073608618,0.067025733,0.289646918,0.146020347,0.030520646,0.058049072,0.05326152,0,249.4094488,965,451,514,350,1315,371,73,7,0,102947.1545,12592.972,1.001540734,0.17224507,0.035605702,0.004228288,0.037428532,0.018896004,0.298224713,0.334843256,0,0.01798887,0.080539564,0.93877551,0.054125998,2238,0.936113576,0.056787933,0.017746229,0.936113576,0.014640639,0,0,0,0,0,0,0.038154392,0.003992902,1,1,0.2160383,0.803599374,0.00013262,12.9,64,0.079,0.684,0.132,0.687,0.703,0.076,1.912,0.328,0.861,0.703,0.13,0.695,0.44,0.991,3.75,0.036,31.088,0.068,0.225,0.055,0.404,0.186,13756,0.234,0.263975155
MCKINLEY PARK,39431799.65,59,26014.09684,15962,15612,15767,0.267901313,0.247922877,0.21773324,0.166486966,6.748271707,2.359358153,0.887930488,0.340291829,0.169150758,0.60569544,0.010401471,0.196993721,0.01775861,12229,0.649521629,0.571265026,0.078256603,0.350478371,0.015455066,0.540927304,10290,0.281535471,0.282215743,0.159086492,0.064528669,0.138289602,0.074344023,0.134985423,0.142079689,0.088241011,0.049173955,0.0595724,0.025461613,449.0421456,5140,2830,2310,414,5554,501,1819,399,91,208850.365,12580.41519,2.586987052,0.132612942,0.118961215,0.013058612,0.067740793,0.027319146,0.179832466,0.333121536,0,0.081357929,0.045995361,0.578676984,0.353523181,14698,0.274307097,0.657893068,0.277858819,0.274307097,0.465402423,0.009576965,0.16724805,0.001775861,0.001902708,0.001839285,0.004059111,0.005708125,0.000380542,0.830386842,0.790224194,0.277162293,0.76402127,0.000399855,16.7,73.9,0.073,0.805,0.099,0.479,0.051,0.327,1.484,0.142,0.614,0.065,0.073,0.383,0,0.517,5.296,0.008,1.414,0.115,0.161,0.069,0.337,0.318,17577,0.119,0.099955603
LAKE VIEW,87214799.27,6,51973.09687,94817,94368,100470,0.1193192,0.493759331,0.197352444,0.109117149,4.780531502,2.333034737,0.93162138,0.311677798,0.790106499,0.082840649,0.034587439,0.064108689,0.028356723,89508,0.839031148,0.812351969,0.026064709,0.160968852,0.054944809,0.747251642,76120,0.020651603,0.06093011,0.088715187,0.033631109,0.477062533,0.319009459,0.090528114,0.103744088,0.112230688,0.089871256,0.13187073,0.164700473,861.1862301,52747,19971,32776,4892,57639,1502,5486,6022,6027,370723.8681,7319.603012,2.691740427,0.110676995,0.317101525,0.046299529,0.062235988,0.048324245,0.008261182,0.312630422,0,0.08929793,0.005172184,0.821956803,0.124624266,95103,0.799482433,0.147098636,0.033830994,0.799482433,0.053578183,0.017069772,0.008609535,0.004916891,0.003971335,0.002538071,0.01084901,0.037971534,0.007594307,1,1,0.8297031,0.906217739,0.001151983,13.5,38.7,0.063,0.791,0.081,0.158,0.014,0.201,1.269,0.13,0.385,0.018,0.022,0.325,0.17,0.244,1.792,0.004,0.818,0.032,0.105,0.012,0.165,0.029,58227,0.047,0.080451876
CALUMET HEIGHTS,48826241.56,48,32925.36587,15974,13812,13188,0.163861086,0.15377616,0.18895966,0.256066121,11.12374886,8.848953594,3.760994844,0.495445026,0.016606005,0.034652715,0.9422202,0.000985745,0.005535335,11610,0.55538329,0.486821705,0.068561585,0.44461671,0.018346253,0.460981912,10216,0.105031323,0.259201253,0.284455756,0.083300705,0.174432263,0.0935787,0.140661707,0.118539546,0.087118246,0.067149569,0.070869225,0.031617071,497.6765799,5271,3922,1349,773,6044,1612,2114,137,59,161435.1245,12905.58982,1.45008019,0.38916237,0.044323528,0.003205162,0.032071222,0.02698524,0.009058926,0.413381649,0,0.018809379,0.063002524,0.931831968,0.040036397,12817,0.918865635,0.05300273,0.020169851,0.918865635,0.034804368,0,0.000606612,0,0,0,0,0.016378526,0.001213224,0.679500597,0.707690697,0.351311668,0.748891984,0.000270101,10,57.4,0.093,0.75,0.164,0.393,0.195,0.335,2.166,0.36,0.814,0.245,0.139,0.48,0.404,0.392,3.832,0.003,11.88,0.028,0.12,0.018,0.423,0.112,28977,0.172,0.237336973
ROSELAND,134313706.7,49,56632.79543,52723,44619,42433,0.269012325,0.18016638,0.180802677,0.191195532,9.379492376,6.315839088,2.186977117,0.396778742,0.010746353,0.012914477,0.962670563,0.002969387,0.01069922,33891,0.556962025,0.420731168,0.135139122,0.443037975,0.01336638,0.397244106,28152,0.145247229,0.252593066,0.316567207,0.091716397,0.12279767,0.071078431,0.176221938,0.136793123,0.078928673,0.05029838,0.048380222,0.018400114,386.8563686,14330,7854,6476,3521,17851,5023,2568,125,103,125708.9878,13113.00941,2.053183391,0.369102065,0.059032242,0.005048336,0.023322982,0.104442778,0.003452908,0.364836759,0,0.022784832,0.047977099,0.922513138,0.023189499,40129,0.907831169,0.037871468,0.010439988,0.907831169,0.012490279,0.001602526,0.000636297,0.000612731,0.001084062,0.000353498,0.002380223,0.013103009,0.005608842,0.915475897,0.994718531,0.285592498,0.723431498,0.000315925,14.3,68.8,0.122,0.69,0.128,0.797,0.409,0.435,2.585,0.32,0.955,0.377,0.096,0.703,0.576,0.556,3.695,0.019,15.12,0.079,0.195,0.031,0.409,0.174,17974,0.178,0.178823086
NORTH CENTER,57054167.85,5,31391.66975,31895,31867,35789,0.247142977,0.276677191,0.271284473,0.122244265,4.51535388,2.478415155,1.271340356,0.341127186,0.770292548,0.117130962,0.018664953,0.050043309,0.043868228,27636,0.806484296,0.777138515,0.028766826,0.193515704,0.069293675,0.701005934,25474,0.061945513,0.084282013,0.114587422,0.031129779,0.419682814,0.288372458,0.052995211,0.066342153,0.076195336,0.077883332,0.107050326,0.188270393,1043.512165,14488,7724,6764,1739,16227,199,1118,2240,3818,518979.0576,11369.62313,1.351163559,0.182227015,0.231590072,0.035752071,0.056080916,0.058203609,0.066423389,0.333750132,0,0.029525635,0.006447162,0.799547347,0.10913968,32521,0.767777809,0.140909218,0.03976082,0.767777809,0.07499511,0.00994719,0.002905921,0.008605996,0.002598564,0.002039733,0.005728017,0.031098941,0.002989745,1,1,0.739185052,0.899149504,0.000627281,22.4,76.2,0.091,0.804,0.098,0.084,0.01,0.166,1.521,0.261,0.498,0.01,0.027,0.424,0.151,0.416,1.781,0.009,0.854,0.019,0.071,0.002,0.255,0.054,51615,0.045,0.082651094
PULLMAN,59001555.6,50,35572.06951,8921,7325,6613,0.210948132,0.208679873,0.212460305,0.196128837,10.41887192,5.247240284,1.512172993,0.409796099,0.102827763,0.046423711,0.830939059,0.001512173,0.018297293,5476,0.643718042,0.531592403,0.112125639,0.356281958,0.013148283,0.497260774,4720,0.119915254,0.250847458,0.276271186,0.065677966,0.191101695,0.096186441,0.214830508,0.204872881,0.098940678,0.068855932,0.048516949,0.017161017,406.6205534,3083,1366,1717,397,3480,872,439,23,32,127712.2642,12261.02564,2.444082492,0.103001245,0.05773801,0.001609995,0.041264445,0.121366342,0.188821321,0.328720718,0,0.002037245,0.155440678,0.902162407,0.032814154,6183,0.868289732,0.066686829,0.037199456,0.868289732,0.046574928,0,0,0,0,0,0,0.016633903,0.003477998,0.79032787,0.19531907,0.352966102,0.813081823,0.000112082,14.3,66.5,0.112,0.813,0.121,0.679,0.322,0.346,2.625,0.281,0.785,0.321,0.136,0.838,0.929,0.653,3.985,0.037,8.291,0.027,0.201,0.014,0.42,0.156,19007,0.21,0.171782852
SOUTH DEERING,303797059.7,51,80389.8718,16990,15109,14614,0.295333242,0.166210483,0.188654715,0.17934857,9.853565075,5.303133981,1.888599973,0.38473424,0.041056521,0.314150814,0.64048173,6.84E-05,0.004242507,11338,0.55777033,0.43279238,0.12497795,0.44222967,0.015787617,0.405803493,9491,0.216942366,0.324623327,0.256137393,0.067537667,0.070066379,0.064692867,0.210199136,0.135391423,0.088083447,0.048466969,0.033926878,0.01169529,340.9375,5009,2943,2066,832,5841,2399,436,64,36,100142.5081,14809.14514,2.224320871,0.059796142,0.00909317,0.001193794,0.009157851,0.005804064,0.092661706,0.651234576,0,0.079306522,0.091752176,0.833515807,0.117079513,13892,0.693376215,0.257219105,0.100451622,0.693376215,0.228958533,0.00581634,0,0,0,0.000889558,6.84E-05,0.016080471,0.005405775,0.247786866,0.061488828,0.202296913,0.72998591,4.81E-05,15.8,76.7,0.149,0.769,0.157,0.653,0.413,0.253,2.24,0.325,0.806,0.351,0.118,0.592,0.487,0.549,4.271,0.003,9.07,0.026,0.245,0.06,0.414,0.219,15506,0.118,0.17045299
EAST SIDE,83241728.05,52,52274.19285,23653,23042,23737,0.330538821,0.209124995,0.17934027,0.172473354,6.142309475,3.012175085,1.697771412,0.319232026,0.161814888,0.80431394,0.029279184,0.002738341,0.001853646,17732,0.623674712,0.509361606,0.11273404,0.376325288,0.005583127,0.499266862,14150,0.304522968,0.346431095,0.175759717,0.044028269,0.095830389,0.033427562,0.122261484,0.143886926,0.081060071,0.065936396,0.050883392,0.019010601,432.2440087,6834,4573,2262,974,7808,3140,1212,96,118,124292.6716,17741.99071,7.507907813,0.24386366,0.042387173,0.006262342,0.030613174,0.0523165,0.058892845,0.387597657,0,0.109891576,0.068175072,0.649660867,0.283144458,22142,0.264313098,0.668492227,0.229810001,0.264313098,0.649155327,0.015039811,0.001390235,0,0.00075831,0,0,0.002106416,4.21E-05,0.718199077,0.717216291,0.173339362,0.756804384,0.000285157,17.7,85.8,0.064,0.733,0.11,0.53,0.107,0.153,1.829,0.129,0.739,0.101,0.037,0.459,0.262,0.333,3.985,0.009,1.912,0.052,0.187,0.083,0.425,0.355,15347,0.145,0.10852256
WEST PULLMAN,99365198.08,53,50023.843,36649,29651,27742,0.281594694,0.206149521,0.165597289,0.192884435,9.801023719,4.246269195,1.326508543,0.362472487,0.005695336,0.060630092,0.92401413,0.002343018,0.007317425,21341,0.604235978,0.452321822,0.151914156,0.395764022,0.01705637,0.421348578,17794,0.156850624,0.308025177,0.306845004,0.068281443,0.097055187,0.062942565,0.18686074,0.125154546,0.085815443,0.051028437,0.043048219,0.021580308,381.4449064,9137,5737,3401,2084,11222,4514,1160,30,21,107016.5094,15256.88263,2.932943995,0.375216057,0.051235071,0.005439311,0.019740853,0.038494341,0.026482754,0.349977805,9.32E-05,0.038313144,0.095007491,0.894528152,0.035794103,25809,0.858986374,0.071335881,0.033342946,0.858986374,0.062504506,0.001694182,0,0.000396511,0,0,0,0.002631389,0.004109293,0.600153136,0.797680939,0.228260314,0.747825259,0.000279192,15.3,71.2,0.149,0.713,0.144,0.678,0.439,0.203,2.636,0.326,0.834,0.465,0.119,0.786,0.629,0.639,3.972,0.011,16.569,0.092,0.243,0.033,0.422,0.226,16228,0.17,0.153738015
RIVERDALE,98389497.41,54,46455.44086,9809,6482,7394,0.464430619,0.248444685,0.12753584,0.112253178,3.097105761,0.649175007,0.987286989,0.216565657,0.020421964,0.041384907,0.930754666,0.00311063,0.004327833,4551,0.602504944,0.388046583,0.214458361,0.397495056,0.007031422,0.367831246,3283,0.208955224,0.289978678,0.38318611,0.075845263,0.021017362,0.021017362,0.510508681,0.154736521,0.035942735,0.014011575,0.019189765,0.005178191,133.447099,2428,239,2189,876,3304,230,9,0,0,54625,8002.800651,3.995499503,0.098491413,0.022073102,0.000369431,0.012719251,0.025894308,0.111706854,0.506439227,0.002693969,0.119271945,0.1003405,0.835948066,0.026102245,6374,0.824857993,0.037192318,0.018934271,0.824857993,0.032323506,0.001217203,0.002028672,0,0,0,0,0,0.001622938,0,0,0.117879988,0.69833795,7.52E-05,12.5,46.1,0.153,0.741,0.165,0.645,0.33,0.25,2.583,0.394,1.159,0.328,0.087,0.861,0.425,0.806,,,16.997,0.058,0.614,0.051,0.502,0.246,8535,0.264,0.047335678
HEGEWISCH,145965741.4,55,73692.38213,9781,9426,9418,0.236886812,0.195158208,0.169144192,0.269696326,6.360161393,5.213421109,1.337863665,0.405220418,0.387980463,0.573901041,0.036207263,0,0.001911234,7678,0.608882521,0.558088044,0.050794478,0.391117479,0.000651211,0.550794478,6667,0.134243288,0.386680666,0.239088046,0.08159592,0.105744713,0.052647368,0.123443828,0.118644068,0.097045148,0.063746813,0.082945853,0.04019799,554.296875,3508,2541,966,444,3952,1529,900,103,10,132118.0556,18224.14581,2.96392943,0.111751213,0.010166023,0.002033149,0.014328831,0.005197825,0.089932578,0.466150064,0,0.173026001,0.127414316,0.776916543,0.160968358,8833,0.537906137,0.399978764,0.113612232,0.537906137,0.36409004,0.01221066,0.001486515,0,0.008069654,0,0,0.014121894,0,0.299633545,0.155798622,0.239869336,0.741112088,6.45E-05,13.7,73.2,0.077,0.669,0.131,0.471,0.069,0.2,2.1,0.167,0.8,0.134,0.084,0.579,0.286,0.471,2.988,0.011,,0.021,0.121,0.044,0.416,0.179,22561,0.096,0.129114462
GARFIELD RIDGE,117890778.4,56,60080.44797,36101,34513,36396,0.253681723,0.190900099,0.21131443,0.197439279,7.852511265,4.49499945,2.318936147,0.386833455,0.446834817,0.490383559,0.044015826,0.009891197,0.008874602,29009,0.645696163,0.584715088,0.060981075,0.354303837,0.011065531,0.557482161,25040,0.179592652,0.310822684,0.219608626,0.078873802,0.141932907,0.069169329,0.073881789,0.101837061,0.091653355,0.060583067,0.089257188,0.068410543,682.1192053,12160,9871,2308,668,12847,1766,7017,937,132,202440.4304,16655.8203,1.765647941,0.381365532,0.035438355,0.005644896,0.037285938,0.020475518,0.042209901,0.445800081,0,0.016326962,0.015452817,0.707989889,0.230409935,34154,0.494971975,0.443427849,0.165705023,0.494971975,0.339240576,0.085146719,0.005028025,0.00148368,0.001401253,0.000164853,2.75E-05,0.010825365,0.000109902,0.961238592,0.854935071,0.289873569,0.793330589,0.000308726,13.4,69,0.08,0.817,0.095,0.337,0.099,0.31,2.319,0.246,0.803,0.092,0.045,0.592,0.309,0.422,3.549,0.001,1.8,0.035,0.09,0.026,0.395,0.194,24684,0.081,0.146664469
ARCHER HEIGHTS,55922505.72,57,31880.02103,12644,13393,13142,0.305661239,0.215111855,0.222568863,0.138335109,7.380916147,2.457768985,1.985999087,0.333543923,0.168391417,0.774691828,0.008750571,0.044209405,0.00395678,9871,0.664674298,0.603383649,0.061290649,0.335325702,0.011042448,0.573295512,8184,0.288000978,0.379154448,0.172898338,0.037756598,0.093108504,0.029203324,0.107526882,0.146260997,0.093963832,0.047043011,0.063538612,0.017473118,466.3212435,3894,2110,1784,391,4285,473,1471,147,10,177516.7785,13482.20221,1.504478182,0.13128986,0.05359536,0.014158406,0.041067889,0.029570743,0.259857034,0.432999822,0,0.011688034,0.025772852,0.533632628,0.396210622,12220,0.168239233,0.761604018,0.322173185,0.168239233,0.649444529,0.07297215,0.032262974,0.002282758,0.001750114,0,0,0.002891493,0,1,0.796716085,0.159881895,0.805830495,0.000235004,18.1,80,0.087,0.743,0.1,0.503,0.166,0.252,1.663,0.09,0.677,0.154,0.052,0.496,0.205,0.418,5.435,0.005,,0.015,0.13,0.085,0.405,0.364,16145,0.142,0.118246842
BRIGHTON PARK,75892790.31,58,36537.13431,44912,45368,44813,0.332403544,0.227857988,0.217347645,0.147278691,4.585722893,2.008345793,0.917144579,0.312409521,0.070515252,0.832370071,0.009662375,0.080847076,0.006605226,32913,0.634825145,0.565156625,0.069425455,0.365174855,0.005438581,0.547716708,26532,0.408224031,0.317842605,0.133046887,0.042250867,0.07285542,0.02578019,0.127581788,0.163877582,0.079074325,0.043494648,0.032338308,0.017752148,405.1336898,12314,6094,6220,1627,13941,2228,3356,403,92,168612.3853,13023.52181,0.910937306,0.141243421,0.174538802,0.015718217,0.045612207,0.026892445,0.158846998,0.400263254,0,0.004662363,0.032222292,0.476625086,0.451297615,41583,0.138508915,0.789413786,0.373128333,0.138508915,0.697788588,0.005377904,0.072144244,0.000981858,0.005154754,0,0.001316582,0.005578738,0.001071118,0.945523695,0.623335274,0.140886477,0.736356446,0.000590478,20.6,90.6,0.072,0.827,0.083,0.581,0.111,0.268,1.391,0.128,0.697,0.106,0.059,0.277,0.151,0.383,5.804,0.009,0.972,0.115,0.23,0.132,0.398,0.482,13138,0.112,0.075112133
BRIDGEPORT,58291519.28,60,32732.71833,33694,31977,33637,0.203079942,0.268959776,0.193923358,0.216874275,6.944733478,3.296964652,1.474566697,0.370278137,0.336385528,0.239646817,0.025210334,0.390492612,0.008294438,28169,0.662288331,0.603642302,0.058610529,0.337711669,0.015797508,0.581454791,24544,0.206852999,0.280761082,0.152909061,0.056999674,0.199926662,0.102591265,0.140441656,0.136326597,0.084867992,0.055695893,0.056673729,0.044858214,456.7073171,12734,5870,6866,1093,13829,620,2682,2033,497,278985.9002,11018.0211,1.953005605,0.182009594,0.168071239,0.023249849,0.041780364,0.024600043,0.100990938,0.367051041,0,0.035613864,0.056633068,0.586734846,0.358741862,31803,0.435443113,0.510033594,0.272646193,0.435443113,0.145821566,0.007045813,0.324107382,0.003953979,0.000416208,0.00321075,0.004370188,0.020810417,0.000327021,1,1,0.359466302,0.775717147,0.000577048,11.7,51.7,0.08,0.803,0.114,0.284,0.049,0.165,1.689,0.161,0.498,0.045,0.08,0.544,0.158,0.401,3.849,0.007,1.108,0.099,0.173,0.048,0.323,0.256,24969,0.112,0.117162648
NEW CITY,134636963.3,61,48133.59596,51721,44377,39561,0.327064533,0.230934506,0.189150931,0.156214454,6.046358788,2.965041329,0.652157428,0.311540396,0.122797705,0.619928718,0.223401835,0.02606102,0.007810723,29133,0.618851474,0.505612192,0.113239282,0.381148526,0.007894827,0.490920949,23554,0.288231298,0.462044663,0.137386431,0.036978857,0.053069542,0.022331663,0.195890295,0.165067504,0.081812006,0.036384478,0.023817611,0.011250743,328.6179922,12112,4486,7622,3319,15427,2524,1658,243,59,132092.8753,11108.90407,1.722084006,0.079195407,0.106844033,0.010043016,0.052660833,0.028469063,0.227329555,0.369163926,0,0.026951719,0.099342446,0.615024898,0.301711281,36267,0.389297541,0.527463916,0.262607113,0.389297541,0.497131013,0.005687419,0.015520336,0.003639948,0.000834155,0.000151665,0.002654129,0.001541923,0.000303329,0.958907971,0.433395712,0.112548489,0.731489302,0.000293835,21.4,93.4,0.118,0.759,0.122,0.943,0.266,0.236,2.352,0.292,0.837,0.246,0.079,0.694,0.407,0.502,5.55,0.008,10.526,0.093,0.306,0.122,0.42,0.424,12524,0.174,0.096635575
WEST ELSDON,32711091.43,62,26229.6956,15921,18109,19237,0.3249987,0.228933825,0.212507148,0.139210896,6.139210896,2.016946509,1.283983989,0.310600304,0.14175807,0.823413214,0.01382752,0.0197536,0.001247596,14482,0.662615661,0.584587764,0.078027897,0.337384339,0.010771993,0.550545505,11424,0.272496499,0.384891457,0.168067227,0.068364846,0.078956583,0.027135854,0.074842437,0.129114146,0.102591036,0.051295518,0.074842437,0.017507003,548.4939759,5143,3668,1475,326,5469,1230,2256,135,48,167365.0976,14970.67865,1.336580397,0.451730252,0.055629539,0.006684688,0.062774539,0.020345065,0.046930555,0.319186011,0,0.021384719,0.01533463,0.567812029,0.374902532,18135,0.167229818,0.775484743,0.29651193,0.167229818,0.707074908,0.04543328,0.016166762,0.000207933,0.000519832,0,5.20E-05,0.004158653,0.001871394,1,1,0.17459016,0.776174057,0.000588088,20.8,92.3,0.046,0.812,0.075,0.455,0.059,0.121,1.806,0.115,0.685,0.077,0.081,0.578,0.447,0.426,4.926,0.002,1.22,0.045,0.098,0.087,0.387,0.396,16938,0.135,0.094401414
GAGE PARK,61284896.11,63,32294.19591,39193,39894,40873,0.355687128,0.249529029,0.206224158,0.122134416,4.403885205,1.671029775,0.567611871,0.285089992,0.037481956,0.921366183,0.03542681,0.004721944,0.001003107,29044,0.678040215,0.584630216,0.093168985,0.321959785,0.009743837,0.552713125,23010,0.397175141,0.373880921,0.122120817,0.049760973,0.041416775,0.015645372,0.109821817,0.142850934,0.078835289,0.046066927,0.03424598,0.008518036,411.3839286,9672,5336,4336,1050,10722,3137,2061,97,29,133391.6084,15177.46776,0.89778021,0.290085433,0.110725052,0.013201182,0.045310849,0.068439113,0.096200484,0.342754659,0,0.018195576,0.015087651,0.518312823,0.398649475,37479,0.122330145,0.794632153,0.341863822,0.122330145,0.785457392,0.002055146,0.001516894,0.001492428,0,0.000831845,4.89E-05,0.002593399,0.000636117,1,1,0.10682312,0.783530906,0.000666934,21.8,93.2,0.068,0.804,0.068,0.614,0.108,0.234,1.71,0.136,0.65,0.111,0.054,0.341,0.411,0.512,5.903,0.008,1.716,0.07,0.208,0.174,0.404,0.541,12014,0.14,0.066425269
CLEARING,71145192.38,64,45363.28617,22331,23139,25891,0.269437256,0.216445869,0.215248542,0.179328724,6.859526476,3.367965702,1.726468657,0.35935261,0.431655788,0.529064154,0.015449384,0.007106717,0.016723958,20091,0.663580708,0.596585536,0.066995172,0.336419292,0.005624409,0.578368424,17492,0.147210153,0.386748228,0.203921793,0.082494855,0.126915161,0.05270981,0.081465813,0.117825292,0.108049394,0.080208095,0.078550194,0.034701578,623.8175676,8760,5970,2790,482,9242,1528,3932,441,47,189305.7111,16020.96993,1.865458355,0.316717598,0.047249313,0.006375257,0.027611632,0.012099102,0.080394234,0.478977779,0,0.021057887,0.009517199,0.746475609,0.179676335,23979,0.510215905,0.41593604,0.125873856,0.510215905,0.332432119,0.058205554,0,0.000502105,0.00413271,0.002471901,0.001042833,0.016994322,0.000154494,1,0.979935393,0.262119826,0.790265487,0.000363918,14.6,68.3,0.074,0.858,0.08,0.387,0.094,0.236,1.894,0.225,0.72,0.127,0.067,0.586,0.187,0.535,3.02,0.003,,0.009,0.059,0.034,0.364,0.185,23920,0.096,0.119539608
WEST LAWN,82315301.68,65,41934.49013,29235,33355,33108,0.334269663,0.227588498,0.21112722,0.140207805,5.279690709,2.431436511,0.969554186,0.31228361,0.152017639,0.805424671,0.034795216,0.005587773,0.002174701,24565,0.667372278,0.579727254,0.087645023,0.332627722,0.006838999,0.545532261,19893,0.308751822,0.355099784,0.170864123,0.054592068,0.085155582,0.025536621,0.086914995,0.136630976,0.098476851,0.047654954,0.062785905,0.019353541,504.9788136,8988,6375,2613,819,9807,2343,3890,71,55,164654.8704,15456.89256,1.543797146,0.325654761,0.044711071,0.005712235,0.089523087,0.055976738,0.102081044,0.336926609,0,0.018866835,0.020547618,0.586988039,0.344599493,30843,0.24154283,0.690044702,0.268122508,0.24154283,0.661743385,0.014830253,0,0.001419596,0.004077564,0,0.000241633,0.00773227,0,0.973451437,0.494998588,0.165284271,0.787342829,0.00040221,18.8,83.3,0.076,0.835,0.083,0.446,0.107,0.169,1.451,0.157,0.615,0.088,0.084,0.367,0.197,0.431,5.083,0.002,0.931,0.043,0.153,0.068,0.419,0.334,15898,0.078,0.086806814
CHICAGO LAWN,98279465.12,66,40073.09984,61412,55628,53098,0.313740631,0.237767901,0.198783382,0.156597235,5.953143245,2.48596934,0.871972579,0.316209538,0.035368564,0.495724886,0.448246638,0.004275114,0.016384798,40196,0.642377351,0.50092049,0.141257837,0.357622649,0.010299532,0.472459946,31822,0.286248507,0.37555779,0.197599145,0.056376092,0.060304192,0.023914273,0.188108856,0.155018541,0.080101816,0.039720948,0.028816542,0.01106153,338.4362348,16001,7005,8996,2996,18997,4318,2582,55,50,125197.6886,12078.75032,1.463068282,0.298123767,0.113365427,0.015131752,0.046759334,0.028974019,0.024249322,0.313254088,0,0.136699628,0.023442663,0.682756413,0.241063694,49053,0.492768089,0.431052017,0.190289653,0.492768089,0.417360353,0.00079099,0.001073487,0.00079099,0.002372971,0,0.00030133,0.007081246,0.001280651,0.939251058,0.961240983,0.140594557,0.755008732,0.000540276,20.1,85.3,0.094,0.784,0.108,0.674,0.224,0.25,1.793,0.261,0.73,0.194,0.111,0.429,0.221,0.617,5.246,0.012,11.895,0.053,0.222,0.065,0.4,0.316,14405,0.119,0.093110852
WEST ENGLEWOOD,87947691.95,67,40195.20331,45282,35505,29929,0.270740753,0.201443416,0.179825587,0.174980788,10.11059508,5.426175281,1.764175215,0.375983146,0.009656186,0.064085001,0.912292425,0.00013365,0.013832737,23392,0.524025308,0.358498632,0.165526676,0.475974692,0.010473666,0.339688782,19916,0.210634666,0.423579032,0.227204258,0.057441253,0.052671219,0.028469572,0.222835911,0.133862221,0.067834907,0.025356497,0.022343844,0.01189998,280.0627943,9642,4481,5161,3247,12889,3403,969,7,78,91840.39088,9909.649449,2.156587461,0.247952864,0.098745145,0.009180927,0.025515228,0.047332367,0.020978683,0.37373789,0,0.04060826,0.135948635,0.904874871,0.027698887,27911,0.876340673,0.056233085,0.025092719,0.876340673,0.052992081,0.000200474,0.000367537,0.000267299,0,0,0,0.001436734,0.00096896,0.951842398,0.780699583,0.138582045,0.669329649,0.000340305,20.3,93.3,0.161,0.636,0.138,1.169,0.472,0.392,2.476,0.244,0.882,0.393,0.133,0.663,0.75,0.646,4.506,0.026,27.622,0.109,0.323,0.069,0.409,0.303,10559,0.347,0.173009456
ENGLEWOOD,85652323.08,68,42316.8443,40222,30654,25075,0.31002991,0.238165503,0.140458624,0.179780658,7.310069791,4.354935194,1.491525424,0.319482323,0.007218345,0.033619143,0.94560319,0.002711864,0.010847458,18649,0.508499115,0.335192236,0.17330688,0.491500885,0.016033031,0.308810124,15427,0.262072989,0.362870292,0.246321385,0.05807999,0.052699812,0.017955533,0.355026901,0.142671939,0.048097491,0.023206067,0.017696247,0.00732482,197.950429,9164,2302,6862,5063,14227,1601,582,79,34,104451.2195,7286.512421,2.325856734,0.121005162,0.15553318,0.006880992,0.019448062,0.086425257,0.006864561,0.366456225,0,0.022198403,0.215188158,0.882153539,0.023210369,22702,0.872662014,0.032701894,0.013439681,0.872662014,0.024247258,0.000239282,0,0,0,0,0.001475573,0.001674975,0.005064806,0.946796903,0.982612171,0.128735334,0.633338095,0.000292753,20,85.8,0.145,0.697,0.131,1.053,0.451,0.329,2.522,0.302,1.018,0.449,0.134,0.768,0.577,0.716,4.01,0.028,25.949,0.113,0.422,0.048,0.434,0.294,11993,0.213,0.131565304
GREATER GRAND CROSSING,98853167.71,69,54645.3303,38619,32602,31766,0.270887112,0.22149468,0.176257634,0.197632689,7.183781401,3.736699616,2.452307499,0.356832298,0.012371718,0.01416609,0.961908959,0.000125921,0.011427312,24955,0.556201162,0.433740733,0.122460429,0.443798838,0.017912242,0.399799639,20762,0.139341104,0.293228013,0.318996243,0.084192274,0.104999518,0.059242848,0.27742992,0.129756286,0.086311531,0.050621327,0.025720066,0.014353145,270.3542781,12129,4089,8040,3509,15638,2262,1705,25,87,127926.5873,10047.689,1.348821508,0.165479067,0.144387184,0.009346522,0.036001256,0.11250483,0.01810252,0.437281237,0,0.015327927,0.061569457,0.917553359,0.014040169,29593,0.903639111,0.027954417,0.012088396,0.903639111,0.014386451,0.000188881,0.000125921,0,0,3.15E-05,0,0.004218347,0.009003337,0.929499642,0.946281383,0.24843464,0.689419976,0.000321345,18.2,82.4,0.129,0.723,0.151,0.843,0.497,0.291,2.744,0.315,0.923,0.446,0.142,0.775,0.703,0.582,4.537,0.019,25.003,0.048,0.256,0.042,0.429,0.179,17213,0.189,0.133727885
LINCOLN PARK,88316400.47,7,49478.42777,64320,64116,67710,0.177329789,0.443774922,0.169265987,0.119465367,5.527987003,2.699748929,0.78865751,0.302347745,0.790311623,0.065662384,0.047348988,0.068719539,0.027957466,58827,0.777704115,0.753514543,0.024189573,0.222295885,0.051676951,0.691315212,47911,0.024503767,0.054768216,0.067458412,0.018450878,0.486172278,0.348646449,0.097242804,0.070150905,0.099830937,0.07113189,0.119993321,0.21656822,996.8456573,32336,13784,18552,3111,35447,444,2242,3609,6073,492925.4302,8076.595753,4.426340653,0.151871484,0.183845849,0.031437413,0.123330525,0.051959018,0.023388294,0.263235132,0,0.157224677,0.013707608,0.835031753,0.109525919,63956,0.821016098,0.123541574,0.031900753,0.821016098,0.038975041,0.01825432,0.010530202,0.003278689,0.004386354,0.004282971,0.005966622,0.034721607,0.003145769,1,0.996824819,0.853269604,0.869994758,0.000766675,13.2,38.7,0.066,0.757,0.078,0.021,0.007,0.237,1.529,0.167,0.501,0.023,0.024,0.4,0.273,0.353,1.733,0.006,0.503,0.012,0.118,0.006,0.204,0.043,71403,0.045,0.090163934
ASHBURN,135460337.2,70,54818.15463,39584,41081,43792,0.296835038,0.191290647,0.210084034,0.195629339,6.921355499,2.281238582,1.413500183,0.358724832,0.108353124,0.386463281,0.475817501,0.007193095,0.022173,33341,0.668456255,0.581356288,0.087099967,0.331543745,0.012267179,0.550493387,27420,0.153245806,0.307366885,0.235703866,0.095441284,0.135922684,0.072319475,0.072501823,0.090773158,0.105871627,0.075857039,0.087272064,0.041174325,665.6012658,12982,10946,2036,630,13612,4296,6257,273,105,162994.4444,17837.27574,2.024588915,0.407639992,0.013189115,0.003171254,0.04253106,0.058748866,0.033380791,0.344561865,0,0.083565344,0.013211711,0.771282426,0.164778955,40992,0.614815491,0.32124589,0.104996346,0.614815491,0.285668615,0.004041834,0.00100475,0.00210084,0.012650712,0,0.001712642,0.008243515,0.005822981,0.792998452,0.621942666,0.303683443,0.787867197,0.000323283,14.7,69,0.09,0.824,0.113,0.383,0.124,0.372,2.293,0.228,0.801,0.116,0.102,0.628,0.445,0.474,3.683,0.002,5.29,0.044,0.095,0.042,0.367,0.183,22078,0.088,0.106160943
AUBURN GRESHAM,105065353.6,71,46757.72172,55928,48743,46278,0.25273348,0.19827996,0.170080816,0.212995376,8.232853624,6.409092874,1.94909028,0.39774642,0.007001167,0.018626561,0.960175461,0.003090021,0.011106789,37125,0.557952862,0.43986532,0.117872054,0.442047138,0.018774411,0.412417508,31343,0.166671984,0.310882813,0.298535558,0.069776346,0.095810867,0.058322432,0.224483936,0.13872316,0.086590307,0.044794691,0.036722713,0.014612513,316.9419134,17111,7389,9722,3503,20614,4456,2785,132,11,133976.5101,10588.32037,1.732237832,0.331737428,0.132438182,0.009182224,0.037528885,0.045228179,0.022758614,0.345926609,0,0.024603967,0.050595911,0.926250054,0.018129565,43704,0.928021954,0.016357665,0.004127231,0.928021954,0.009291672,0.000172868,0,0.000367345,0,0.000237694,0.000821125,0.003824712,0.001642249,0.983346819,0.995529309,0.223909645,0.698409158,0.000440469,15.1,70.5,0.116,0.718,0.139,0.831,0.376,0.419,2.43,0.245,0.836,0.326,0.156,0.651,0.435,0.637,3.938,0.015,20.322,0.073,0.245,0.041,0.421,0.195,16022,0.242,0.165910368
BEVERLY,88779363.94,72,44591.4851,21992,20034,20822,0.256987801,0.137258669,0.20531169,0.244645087,10.11910479,3.669196043,1.791374508,0.432145565,0.576889828,0.052588608,0.337671693,0.007828259,0.025021612,16384,0.656494141,0.615783691,0.040710449,0.343505859,0.027954102,0.575256348,14563,0.033166243,0.144063723,0.194808762,0.077593902,0.28002472,0.270342649,0.049303028,0.087481975,0.073542539,0.078555243,0.085765296,0.152235116,919.0340909,7673,6184,1489,375,8048,464,2466,2637,544,307809.5831,14379.79173,2.046641896,0.512058711,0.028851946,0.004838852,0.032415404,0.020944956,0,0.269313128,0,0.126398224,0.00517878,0.899433292,0.032129478,19397,0.885265584,0.046297186,0.008596677,0.885265584,0.027711075,0.001632888,0.002449332,0.002305254,0.000336183,0,0.000192105,0.010757852,0.000912496,0.959061719,0.986192269,0.627961272,0.802322728,0.000234536,11,60.7,0.049,0.848,0.099,0.119,0.035,0.42,1.976,0.248,0.596,0.035,0.1,0.479,0.447,0.572,1.791,0.013,1.955,0,0.052,0.007,0.387,0.051,40107,0.078,0.155796753
WASHINGTON HEIGHTS,79635752.88,73,42222.59816,29843,26493,27453,0.227224711,0.19487852,0.174625724,0.219502422,9.172039486,6.665938149,2.538884639,0.419573171,0.006665938,0.007831567,0.957745966,0.000291407,0.027465122,22881,0.585857261,0.478257069,0.106813513,0.414142739,0.015602465,0.45443818,19000,0.103368421,0.291578947,0.307368421,0.079842105,0.136368421,0.081473684,0.161,0.110421053,0.082368421,0.062842105,0.061,0.026052632,447.0660147,9570,6497,3073,900,10470,3671,2493,246,87,135822.1477,13514.48278,1.840528259,0.435259067,0.037716256,0.005421303,0.030388966,0.046209574,0.020042331,0.369826904,0,0.026843844,0.028291755,0.941609296,0.016209522,26295,0.937602448,0.02021637,0.00550031,0.937602448,0.010272101,0.000473537,0.000218555,0,3.64E-05,0,0.000291407,0.008924343,0,0.913551331,0.911109781,0.29768421,0.763636364,0.000344732,12,61,0.196,0.754,0.162,0.65,0.38,0.479,2.606,0.297,0.795,0.356,0.112,0.7,0.562,0.576,3.714,0.015,12.982,0.03,0.157,0.011,0.424,0.156,19709,0.183,0.183768623
MOUNT GREENWOOD,75584290.02,74,48665.13054,18820,19093,19277,0.277377185,0.197074234,0.198734243,0.207812419,6.70747523,3.511957255,1.680759454,0.370069275,0.847123515,0.085697982,0.032629559,0.022462001,0.012086943,15175,0.654497529,0.633937397,0.020560132,0.345502471,0.012257002,0.609028007,12643,0.043027762,0.255398244,0.273669224,0.071581112,0.237127264,0.119196393,0.049038994,0.069999209,0.067072688,0.094914182,0.12805505,0.112552401,946.7708333,6595,5606,989,437,7032,591,3803,1137,75,235353.208,19147.85135,2.569410486,0.431038132,0.011348219,0.004564229,0.021176028,0.302072543,0.000104782,0.210506392,0,0.017505415,0.001684261,0.881413083,0.040462728,17771,0.861596721,0.060279089,0.015925715,0.861596721,0.02842766,0.004772527,0.00274939,0.005758157,0.002230638,0.002334388,0.001867511,0.012138818,0,0.802745134,0.749635916,0.427904769,0.793227913,0.00025504,12.5,59,0.084,0.945,0.151,0.077,0.022,0.346,2.011,0.248,0.665,0.074,0.033,0.55,0.169,0.267,1.336,0,,0,0.031,0.011,0.37,0.045,34221,0.069,0.119001919
MORGAN PARK,91877340.7,75,46396.41936,25226,22544,22394,0.26301688,0.159462356,0.167321604,0.229615075,9.752612307,5.519335536,2.786460659,0.421508279,0.277261767,0.037644012,0.656961686,0.001339645,0.026748236,17912,0.569673962,0.502735596,0.066938365,0.430326038,0.015631979,0.474988834,15201,0.085586475,0.231958424,0.235510822,0.102361687,0.174725347,0.169791461,0.127688968,0.105190448,0.092099204,0.068350766,0.073416223,0.064666798,588.1625442,8079,5650,2429,910,8990,1940,2746,770,193,200357.4833,15351.64148,3.58296096,0.430370381,0.033489346,0.003143969,0.050611643,0.086804676,0.029877047,0.306216256,0,0.032474098,0.027012585,0.914977226,0.028043226,21118,0.903099044,0.039966062,0.011520943,0.903099044,0.021702242,8.93E-05,0.000848442,0.000312584,0.000759132,0.000178619,0.000535858,0.013128517,0.002366705,1,1,0.446880115,0.752009925,0.000243738,13.2,67.5,0.106,0.745,0.123,0.467,0.199,0.324,2.182,0.271,0.754,0.158,0.131,0.5,0.398,0.479,2.988,0.013,8.005,0.026,0.137,0.008,0.394,0.109,26185,0.149,0.180584085
OHARE,371835607.7,76,173625.9847,11665,12756,12377,0.168457623,0.266623576,0.237941343,0.17564838,7.142280036,5.857639169,2.124909106,0.380781011,0.798739598,0.064636018,0.012200048,0.079259918,0.045164418,10543,0.655885422,0.605804799,0.050080622,0.344114578,0.012994404,0.575358057,9850,0.11035533,0.23106599,0.208426396,0.088020305,0.240812183,0.121319797,0.179086294,0.134619289,0.149949239,0.080304569,0.046903553,0.03106599,492.9487179,6125,2464,3666,540,6670,1070,744,575,71,162194.1896,21009.8559,0.139860693,0.011402877,0.015701133,0,0.016379907,0.006558517,0.003827708,0.759348429,0,0.170394122,0.016387306,0.432414963,0.513856346,11712,0.348711319,0.597640785,0.260644744,0.348711319,0.042175002,0.318817161,0.002423851,0.017613315,0.092752686,0,0.043871698,0.06964531,0.010260968,1,0.086169676,0.450156385,0.778427189,3.33E-05,15.8,70,0.035,0.82,0.05,0.159,0.056,0.205,1.385,0.087,0.473,0.118,0.02,0.374,0.028,0.404,1.829,0.005,,0.063,0.095,0.019,0.265,0.11,29402,0.047,0.151248283
EDGEWATER,48449990.84,77,31004.83095,62198,56521,55965,0.14214241,0.29000268,0.22326454,0.198445457,8.514249978,3.998927901,2.101313321,0.390227754,0.55007594,0.166639864,0.13304744,0.117555615,0.03268114,50477,0.68575787,0.643342512,0.042415357,0.31424213,0.040969154,0.593696139,44623,0.09098447,0.152567062,0.155054568,0.04880891,0.317369966,0.235215024,0.174058221,0.153172131,0.112722139,0.065459516,0.073975304,0.068036663,492.8701181,28890,10514,18376,3700,32590,2375,4189,2161,1608,242278.1855,7090.571132,1.748266343,0.133372392,0.319401563,0.022128592,0.069528336,0.055594916,0.005909824,0.313558709,0,0.073101722,0.007403945,0.68630394,0.274528723,53773,0.609809702,0.351022961,0.149432681,0.609809702,0.143053694,0.0467435,0.012972393,0.015563298,0.005521308,0.002144197,0.026320021,0.069543465,0.029161083,1,1,0.6013939,0.812306997,0.001155109,12.1,48.1,0.075,0.761,0.074,0.151,0.058,0.185,1.62,0.162,0.488,0.039,0.069,0.401,0.237,0.315,3.086,0.009,1.201,0.105,0.166,0.039,0.234,0.09,33364,0.09,0.146144912
EDISON PARK,31636313.79,9,25937.22684,11328,11187,11605,0.23171047,0.201034037,0.228866868,0.183455407,7.419215855,5.420077553,2.654028436,0.404479769,0.827143473,0.103489875,0.016716932,0.026626454,0.025937096,9218,0.717726188,0.697005858,0.02072033,0.282273812,0.029941419,0.653829464,8481,0.049286641,0.22296899,0.1908973,0.062610541,0.282160123,0.192076406,0.051998585,0.092441929,0.056125457,0.071335927,0.104468813,0.162716661,991.9421488,4572,3593,978,325,4896,318,997,1673,606,355389.9083,16958.38739,2.053389701,0.52190211,0.055098409,0.008250699,0.032737421,0.014791874,0.012504017,0.325803164,0,0.027858102,0.001054205,0.831279621,0.097457992,10778,0.768203361,0.160534252,0.046273158,0.768203361,0.055148643,0.047479535,0.000430849,0.000861698,0.002412753,0.001464886,0.001981904,0.0492891,0.001551056,1,1,0.537222063,0.868420501,0.000366825,11.3,59.5,0.079,0.866,0.126,0.039,0,0.138,1.897,0.151,0.53,0.071,0.046,0.452,0.28,0.389,1.347,0,,0.018,0.051,0.006,0.366,0.085,38337,0.074,0.154933218